employee_id,name,age,department,experience_years,salary,total_tasks_completed,performance_rating,projects_handled,deadlines_met,overtime_hours,late_login_count,unpaid_leaves,job_satisfaction,work_life_balance,manager_rating,training_hours,attrition
E0001,Emp1,35,IT,14,99118,103,5,4,98,32,3,2,3,2,2,27,0
E0002,Emp2,45,HR,5,66732,197,5,10,86,1,2,7,3,5,2,13,0
E0003,Emp3,27,Management,20,125228,188,4,9,80,58,6,8,3,4,4,24,0
E0004,Emp4,35,Sales,18,132414,144,6,12,94,21,5,4,1,5,2,39,0
E0005,Emp5,28,HR,9,73684,189,5,3,90,17,5,4,3,1,2,45,0
E0006,Emp6,37,IT,4,56884,164,9,4,97,40,14,7,5,5,2,10,0
E0007,Emp7,41,IT,8,54794,174,3,1,93,43,12,7,1,2,2,41,1
E0008,Emp8,39,HR,8,67824,104,4,5,97,52,11,3,4,5,3,39,0
E0009,Emp9,29,Finance,19,115688,98,7,1,98,14,10,7,2,4,3,11,0
E0010,Emp10,26,Sales,13,86346,241,3,2,80,2,8,3,4,1,5,22,0
E0011,Emp11,43,Management,5,56060,210,4,3,81,22,5,1,3,1,3,35,0
E0012,Emp12,38,Finance,7,81200,175,7,9,86,9,8,3,1,4,3,29,0
E0013,Emp13,31,Finance,19,125332,222,7,6,93,52,6,6,5,4,2,12,0
E0014,Emp14,38,Sales,11,100602,192,10,8,88,37,3,7,5,4,5,47,0
E0015,Emp15,22,Management,9,91516,236,7,12,99,14,9,7,3,5,2,36,0
E0016,Emp16,34,Finance,10,85382,172,9,3,92,51,15,3,5,3,4,30,0
E0017,Emp17,31,Finance,10,82214,169,4,8,84,20,1,7,2,2,2,40,1
E0018,Emp18,32,Finance,12,106822,237,10,7,93,8,9,4,3,2,2,44,0
E0019,Emp19,41,HR,9,83700,225,8,5,93,23,10,4,2,3,4,13,0
E0020,Emp20,23,Support,4,63122,212,10,2,96,35,15,0,2,3,5,47,0
E0021,Emp21,55,Management,3,56342,132,5,9,100,21,8,4,3,2,4,27,0
E0022,Emp22,53,Support,1,56368,203,8,8,90,43,3,1,4,5,5,39,0
E0023,Emp23,37,Sales,13,102396,216,4,10,91,16,8,3,4,4,5,35,0
E0024,Emp24,26,Sales,10,76358,118,7,1,87,13,5,7,4,5,5,28,0
E0025,Emp25,25,Sales,9,74884,189,3,8,95,25,7,6,1,3,4,8,1
E0026,Emp26,28,Finance,14,92870,95,6,2,80,30,9,6,1,3,4,24,0
E0027,Emp27,47,Support,1,51638,198,7,11,83,51,14,6,2,1,5,26,1
E0028,Emp28,27,HR,14,100012,102,8,1,92,12,9,3,2,1,3,18,0
E0029,Emp29,37,Management,1,52684,164,9,7,93,2,4,7,5,5,5,15,0
E0030,Emp30,30,Management,15,108606,201,5,6,85,20,12,0,3,1,2,40,0
E0031,Emp31,54,Finance,19,129516,111,7,6,90,39,5,2,3,4,3,30,0
E0032,Emp32,44,HR,11,79678,188,3,6,100,21,6,7,5,5,3,50,0
E0033,Emp33,32,IT,10,88422,137,7,6,82,38,4,3,5,3,3,26,0
E0034,Emp34,37,Sales,7,61308,218,5,3,92,24,1,8,4,5,5,25,0
E0035,Emp35,46,Management,13,100356,101,4,12,80,7,15,7,1,2,3,45,1
E0036,Emp36,40,HR,20,122860,110,7,3,81,38,4,8,4,1,5,27,0
E0037,Emp37,33,HR,18,123986,156,7,5,86,9,5,3,3,2,5,8,0
E0038,Emp38,30,Sales,6,70590,115,8,6,87,42,14,3,4,2,2,38,0
E0039,Emp39,26,IT,6,84772,212,10,12,96,26,14,6,5,4,3,50,0
E0040,Emp40,35,Sales,2,51048,108,8,4,81,8,2,5,4,1,4,37,0
E0041,Emp41,49,HR,19,104214,94,3,1,81,7,14,8,2,2,2,42,1
E0042,Emp42,22,Management,11,85766,136,5,5,80,37,6,3,4,4,3,7,0
E0043,Emp43,40,Management,12,100784,189,10,2,99,19,0,2,2,2,2,29,0
E0044,Emp44,48,Sales,20,126174,104,8,2,82,37,1,6,2,5,4,39,0
E0045,Emp45,47,HR,11,73190,190,4,1,85,41,6,6,4,2,2,44,0
E0046,Emp46,54,Sales,17,115326,96,6,5,80,15,5,4,2,1,3,27,0
E0047,Emp47,39,IT,14,113832,247,5,11,98,19,5,1,1,1,3,41,0
E0048,Emp48,43,Management,14,116520,245,8,10,90,19,10,3,4,5,5,16,0
E0049,Emp49,42,Finance,12,96694,199,5,10,90,36,11,5,4,3,3,45,0
E0050,Emp50,28,Sales,5,69952,217,7,9,81,27,11,4,3,1,4,29,0
E0051,Emp51,23,HR,4,55830,105,4,8,82,48,9,3,4,1,5,10,0
E0052,Emp52,53,Management,2,44066,236,4,5,100,3,1,5,4,1,2,49,0
E0053,Emp53,48,Finance,5,63732,247,7,3,96,11,13,0,4,2,4,12,0
E0054,Emp54,46,Sales,9,82098,183,10,2,83,2,10,6,3,1,3,37,0
E0055,Emp55,53,Sales,19,131198,108,5,11,82,53,8,3,2,3,5,46,0
E0056,Emp56,42,Support,20,122276,246,4,7,98,48,7,8,3,2,5,27,1
E0057,Emp57,55,Sales,3,63660,210,8,8,81,2,2,5,1,3,3,11,0
E0058,Emp58,39,IT,10,84336,81,9,1,92,53,14,0,1,5,4,45,0
E0059,Emp59,40,Management,14,93846,241,7,2,93,18,14,8,5,5,3,20,0
E0060,Emp60,54,HR,8,70106,101,6,2,95,30,8,2,5,2,5,9,0
E0061,Emp61,42,IT,10,76504,209,7,1,88,57,11,4,2,5,3,7,0
E0062,Emp62,48,Finance,13,101604,159,8,6,89,49,6,5,5,5,3,12,0
E0063,Emp63,26,Management,4,60478,213,10,3,90,56,7,5,2,5,3,46,0
E0064,Emp64,48,Sales,9,83796,116,5,9,93,54,7,2,4,4,2,23,0
E0065,Emp65,41,Finance,15,115114,169,9,5,94,10,2,4,2,5,5,13,0
E0066,Emp66,46,Sales,15,127886,106,10,11,84,1,5,4,3,5,4,44,0
E0067,Emp67,24,Management,5,71086,156,9,8,88,41,11,5,1,3,5,48,0
E0068,Emp68,24,IT,20,133854,109,6,6,92,0,3,2,2,2,3,34,0
E0069,Emp69,32,Sales,6,76364,119,7,12,80,41,7,7,1,4,5,37,0
E0070,Emp70,53,IT,13,110738,98,8,10,99,35,3,4,5,5,5,47,0
E0071,Emp71,39,Support,10,90002,242,9,7,94,47,11,7,1,2,2,39,1
E0072,Emp72,35,Finance,14,114444,224,10,6,85,26,2,4,4,2,2,7,0
E0073,Emp73,51,Sales,14,98004,184,6,5,99,50,13,5,5,4,4,23,0
E0074,Emp74,37,IT,15,107644,249,4,9,99,23,7,5,1,5,3,46,0
E0075,Emp75,31,Management,8,82170,195,8,5,96,28,8,1,4,5,4,24,0
E0076,Emp76,47,Support,16,115632,247,7,5,93,31,4,2,1,3,4,25,0
E0077,Emp77,33,Finance,19,122628,213,6,7,93,19,14,8,2,3,3,17,1
E0078,Emp78,29,Support,3,60822,87,6,10,80,20,11,3,3,1,3,41,0
E0079,Emp79,52,IT,7,63004,234,3,4,85,32,0,3,3,4,5,34,0
E0080,Emp80,34,IT,13,98628,163,4,11,84,53,0,8,3,1,5,46,1
E0081,Emp81,23,Management,10,82676,96,6,4,97,46,9,1,1,4,4,35,0
E0082,Emp82,40,Sales,7,72388,148,5,8,98,34,11,3,1,5,4,7,0
E0083,Emp83,51,IT,12,113070,145,9,10,88,10,9,0,5,4,4,27,0
E0084,Emp84,51,IT,16,100544,199,3,4,99,3,11,5,1,4,3,30,0
E0085,Emp85,25,Sales,11,91306,176,5,6,83,7,1,2,2,3,5,19,0
E0086,Emp86,38,Finance,5,70284,239,6,10,91,17,14,3,3,2,2,26,0
E0087,Emp87,47,Management,19,117680,105,3,7,85,55,4,5,5,1,3,11,0
E0088,Emp88,40,IT,8,80284,239,3,12,99,45,15,1,1,4,5,8,0
E0089,Emp89,37,Finance,1,55126,221,8,10,90,10,11,6,2,3,4,23,1
E0090,Emp90,54,Sales,4,76352,242,9,12,90,40,1,5,3,1,4,40,0
E0091,Emp91,46,Finance,15,118134,239,6,10,86,56,5,0,2,4,5,8,0
E0092,Emp92,53,Sales,5,75716,86,7,12,92,20,7,4,2,4,3,19,0
E0093,Emp93,38,HR,3,56844,199,8,3,90,25,5,1,5,3,3,44,0
E0094,Emp94,38,Management,1,50312,127,5,9,82,5,7,2,3,2,4,8,0
E0095,Emp95,38,Finance,2,53354,109,5,9,98,4,4,4,4,4,4,45,0
E0096,Emp96,47,Finance,10,97696,166,9,10,100,32,1,7,1,4,2,19,0
E0097,Emp97,23,Finance,10,78770,145,4,3,90,18,8,0,1,1,5,36,0
E0098,Emp98,47,IT,8,85966,161,7,11,95,38,7,5,3,5,4,37,0
E0099,Emp99,30,Finance,5,58516,186,5,6,94,20,12,5,2,5,5,35,0
E0100,Emp100,51,Management,3,56046,166,8,5,80,41,7,4,4,3,5,43,0
E0101,Emp101,42,HR,12,92730,180,9,2,84,17,8,6,4,2,4,44,0
E0102,Emp102,45,Finance,14,106862,177,4,8,88,32,0,0,4,5,5,42,0
E0103,Emp103,28,Finance,12,98698,83,7,7,86,26,3,4,2,3,4,39,0
E0104,Emp104,36,HR,11,84998,208,6,6,81,55,14,6,4,2,5,6,0
E0105,Emp105,54,IT,15,121862,152,7,12,83,5,2,5,4,3,3,50,0
E0106,Emp106,44,Finance,4,62840,190,9,6,98,56,14,4,1,5,4,35,0
E0107,Emp107,55,Support,6,73598,183,7,10,94,36,6,7,2,3,5,47,0
E0108,Emp108,44,Support,15,108244,224,6,4,94,20,9,0,1,1,4,32,0
E0109,Emp109,50,HR,17,122620,95,6,8,90,17,0,3,4,2,4,47,0
E0110,Emp110,46,Management,3,53292,157,4,7,94,19,9,1,1,1,3,30,0
E0111,Emp111,55,Sales,1,47906,151,3,12,85,12,5,5,3,3,2,5,0
E0112,Emp112,34,Management,12,106222,162,9,12,81,41,14,8,4,1,3,36,0
E0113,Emp113,24,Management,1,45840,190,7,8,80,34,15,7,1,2,3,16,1
E0114,Emp114,41,Finance,16,97842,107,5,2,90,18,15,7,5,3,2,29,0
E0115,Emp115,39,IT,15,112464,244,3,10,88,16,6,0,1,1,5,25,0
E0116,Emp116,45,Sales,14,104198,233,10,1,95,44,14,2,1,1,5,29,0
E0117,Emp117,32,IT,1,30934,89,5,1,89,20,12,5,5,5,4,32,0
E0118,Emp118,40,Support,9,65726,171,6,1,89,44,12,8,2,3,5,14,1
E0119,Emp119,26,Management,8,81582,197,10,4,97,60,4,4,4,1,3,21,0
E0120,Emp120,24,Management,11,102054,84,9,8,100,49,12,0,3,3,5,9,0
E0121,Emp121,52,HR,17,114904,209,9,3,98,39,9,7,2,5,3,25,0
E0122,Emp122,45,Support,11,93232,97,4,9,96,49,3,0,3,1,5,42,0
E0123,Emp123,28,Sales,14,101282,197,9,1,90,56,7,3,5,1,3,19,0
E0124,Emp124,26,Sales,10,70958,193,4,2,88,16,0,8,2,4,4,48,0
E0125,Emp125,27,IT,3,50566,136,8,1,81,15,4,4,5,1,3,32,0
E0126,Emp126,51,Support,15,122528,163,9,7,99,1,5,0,4,2,4,45,0
E0127,Emp127,30,HR,15,116416,136,5,12,92,8,13,3,2,2,5,28,0
E0128,Emp128,24,Sales,20,151592,107,9,11,95,3,1,1,2,2,4,43,0
E0129,Emp129,46,HR,12,97186,231,8,7,88,60,9,6,4,2,3,29,0
E0130,Emp130,23,IT,14,109416,111,9,6,80,39,13,3,4,3,2,30,0
E0131,Emp131,50,Management,6,73076,221,7,6,92,11,10,1,1,3,5,16,0
E0132,Emp132,55,IT,13,100018,103,6,5,84,26,4,1,1,4,3,17,0
E0133,Emp133,22,Sales,6,73744,249,4,12,94,7,0,6,5,5,3,34,0
E0134,Emp134,27,Support,16,117894,99,10,1,88,18,3,0,4,5,5,41,0
E0135,Emp135,28,IT,7,82038,123,10,6,99,8,3,5,2,5,4,24,0
E0136,Emp136,42,HR,9,72860,210,4,5,97,46,8,4,3,4,2,28,0
E0137,Emp137,44,Support,16,118540,215,6,9,90,27,8,3,1,2,3,35,0
E0138,Emp138,35,Support,9,82336,81,8,5,92,49,6,4,5,1,3,6,0
E0139,Emp139,39,HR,14,102018,203,5,5,96,34,5,1,3,5,2,30,0
E0140,Emp140,31,Support,19,128222,137,3,12,98,60,1,4,1,1,4,17,0
E0141,Emp141,30,Sales,12,86372,237,8,1,89,49,2,8,5,1,2,47,0
E0142,Emp142,50,Management,20,140062,227,9,9,86,48,8,6,3,3,5,10,0
E0143,Emp143,36,Support,4,74676,121,10,10,96,37,6,4,5,1,5,13,0
E0144,Emp144,24,Finance,13,96608,118,10,1,89,52,4,6,1,3,5,30,0
E0145,Emp145,26,IT,4,67512,227,10,4,93,37,11,0,2,1,3,29,0
E0146,Emp146,36,IT,10,89712,227,8,4,93,37,0,2,1,1,3,7,0
E0147,Emp147,31,Management,13,114132,222,9,10,80,32,3,4,2,3,5,49,0
E0148,Emp148,38,HR,20,128816,236,6,7,94,60,6,6,1,1,4,10,0
E0149,Emp149,34,HR,20,113844,99,4,3,94,59,6,8,2,1,2,32,1
E0150,Emp150,24,Sales,10,80028,188,5,7,91,60,1,8,5,1,4,40,0
E0151,Emp151,52,HR,7,67984,139,3,10,83,1,9,8,5,4,5,36,0
E0152,Emp152,52,Management,16,122490,190,8,8,88,21,15,1,2,2,4,12,0
E0153,Emp153,32,Support,19,120096,91,8,3,97,27,15,7,2,3,3,38,1
E0154,Emp154,28,Support,13,98768,128,9,4,100,60,11,5,4,4,4,34,0
E0155,Emp155,38,Management,8,74460,85,5,7,96,39,6,4,1,5,2,21,0
E0156,Emp156,53,Support,10,105438,198,10,10,86,19,14,0,2,2,5,38,0
E0157,Emp157,26,Support,4,55828,113,6,3,93,13,8,1,5,2,2,45,0
E0158,Emp158,42,Sales,5,69580,230,5,8,85,20,1,0,4,4,4,45,0
E0159,Emp159,40,HR,13,99290,115,6,8,98,10,4,8,5,5,2,12,0
E0160,Emp160,32,IT,15,109046,216,10,1,92,35,9,3,1,2,5,8,0
E0161,Emp161,33,Management,5,62670,170,4,8,85,53,3,2,2,5,2,32,0
E0162,Emp162,53,Management,5,67814,244,3,12,84,49,14,0,3,5,4,25,0
E0163,Emp163,32,Support,18,123188,173,5,7,100,35,11,0,3,1,5,26,0
E0164,Emp164,23,Management,4,51006,151,5,3,91,56,5,2,4,2,3,49,0
E0165,Emp165,48,IT,4,60474,129,5,8,84,0,1,5,5,4,3,17,0
E0166,Emp166,46,Sales,5,67268,128,7,11,91,58,12,8,3,3,5,36,1
E0167,Emp167,54,Finance,4,48614,169,6,1,85,0,6,6,3,4,3,7,0
E0168,Emp168,22,Support,10,80738,123,5,6,94,34,13,4,2,2,3,32,0
E0169,Emp169,24,Support,12,104018,128,10,7,95,15,3,7,4,4,4,47,0
E0170,Emp170,24,Finance,17,108512,227,5,4,85,41,15,4,1,3,2,20,0
E0171,Emp171,22,Management,19,131620,95,7,7,85,31,10,1,3,2,3,47,0
E0172,Emp172,27,Sales,10,73778,113,7,1,89,24,15,7,3,3,2,39,1
E0173,Emp173,50,Finance,20,129332,222,6,6,98,4,3,7,3,1,3,46,0
E0174,Emp174,33,HR,8,75814,144,8,3,82,9,0,6,3,3,5,35,0
E0175,Emp175,27,Sales,3,51556,201,5,4,83,33,1,1,5,4,4,6,0
E0176,Emp176,41,Finance,14,104362,227,5,9,85,54,10,4,2,2,5,44,0
E0177,Emp177,44,Support,15,98318,178,7,3,88,43,15,8,4,1,3,30,0
E0178,Emp178,48,Management,13,97588,98,5,8,81,48,0,6,2,2,4,50,0
E0179,Emp179,28,HR,20,128378,88,7,6,84,25,11,7,4,3,3,39,0
E0180,Emp180,28,Management,5,64372,162,4,12,83,46,12,6,1,5,2,25,0
E0181,Emp181,54,IT,8,66856,101,5,3,84,45,2,5,3,3,2,44,0
E0182,Emp182,31,Finance,14,107426,196,8,3,96,19,6,0,5,1,3,13,0
E0183,Emp183,36,Finance,11,95922,137,8,8,98,8,12,6,4,4,5,48,0
E0184,Emp184,46,HR,6,79880,205,10,7,82,31,7,3,2,2,5,43,0
E0185,Emp185,53,Sales,17,132634,164,9,11,90,59,1,4,4,1,3,46,0
E0186,Emp186,43,Finance,11,96978,138,7,10,86,37,10,5,2,5,2,39,0
E0187,Emp187,38,Finance,10,82030,105,4,6,85,28,15,0,5,3,2,22,0
E0188,Emp188,22,Finance,3,44462,177,4,6,92,54,6,7,1,5,3,28,0
E0189,Emp189,30,Finance,17,124390,190,9,5,81,11,11,2,5,4,5,7,0
E0190,Emp190,53,IT,17,104540,165,5,2,91,33,2,7,4,1,5,12,0
E0191,Emp191,42,HR,5,61566,211,8,4,90,24,6,7,2,5,3,5,0
E0192,Emp192,48,Support,17,108832,247,4,6,80,11,12,7,5,5,4,42,0
E0193,Emp193,23,HR,5,64798,183,5,9,97,6,6,6,3,4,5,37,0
E0194,Emp194,48,Finance,14,111180,130,6,10,89,48,11,1,2,2,3,50,0
E0195,Emp195,38,Sales,16,108600,175,9,1,85,15,15,5,5,2,2,44,0
E0196,Emp196,33,Management,8,62304,159,3,5,87,15,12,8,4,4,5,50,0
E0197,Emp197,44,Management,4,67958,243,7,12,99,56,4,7,4,1,4,15,0
E0198,Emp198,50,Finance,11,106434,239,10,10,100,10,10,5,1,1,5,40,0
E0199,Emp199,36,HR,12,88100,125,5,5,86,19,1,7,1,1,2,34,0
E0200,Emp200,44,Support,7,71198,158,3,9,87,3,4,4,4,5,5,13,0
E0201,Emp201,46,HR,20,132796,241,7,6,91,3,4,6,2,1,4,16,0
E0202,Emp202,53,Sales,7,71812,152,7,7,98,26,7,8,3,2,5,9,0
E0203,Emp203,25,HR,10,74762,127,4,2,98,36,4,2,3,3,4,9,0
E0204,Emp204,42,Support,19,123150,100,8,1,86,51,11,0,3,3,3,34,0
E0205,Emp205,27,Management,7,88228,163,10,8,90,9,11,1,1,4,3,17,0
E0206,Emp206,49,IT,17,118266,111,9,4,83,0,3,8,3,2,2,21,0
E0207,Emp207,37,IT,7,59874,154,3,2,91,37,4,1,2,2,5,47,0
E0208,Emp208,31,Support,14,102508,218,6,5,81,4,8,4,2,5,3,20,0
E0209,Emp209,27,Sales,6,61994,99,6,4,90,40,4,5,1,4,2,44,0
E0210,Emp210,49,Support,8,77960,160,10,2,95,16,9,5,2,4,5,28,0
E0211,Emp211,54,IT,12,96758,193,10,1,99,4,10,3,3,3,5,19,0
E0212,Emp212,40,Sales,2,54788,123,4,11,91,11,11,2,5,5,4,16,0
E0213,Emp213,36,Support,6,49688,123,3,1,96,27,5,5,4,5,4,13,0
E0214,Emp214,54,HR,15,110964,244,4,10,96,52,12,1,3,1,4,27,1
E0215,Emp215,23,IT,3,47008,143,7,2,91,37,3,6,4,4,2,24,0
E0216,Emp216,33,HR,15,86498,83,3,1,91,36,10,7,2,5,5,46,0
E0217,Emp217,30,Finance,14,100684,239,7,3,100,33,10,3,1,1,2,7,0
E0218,Emp218,48,IT,8,64648,233,4,3,90,23,15,4,5,1,5,48,0
E0219,Emp219,35,HR,6,73744,224,9,8,87,30,15,7,1,1,4,18,1
E0220,Emp220,49,Support,8,80600,125,8,5,100,59,11,0,3,4,2,29,0
E0221,Emp221,51,Support,14,122064,169,10,11,91,11,1,6,3,3,4,26,0
E0222,Emp222,23,IT,15,107040,240,9,1,86,24,0,5,1,2,5,48,0
E0223,Emp223,45,Management,15,126444,149,9,12,89,33,12,2,5,2,4,29,0
E0224,Emp224,33,HR,4,63216,211,5,11,89,31,4,6,4,3,2,49,0
E0225,Emp225,28,Sales,3,44344,99,6,1,83,31,0,5,5,2,5,15,0
E0226,Emp226,46,Support,10,97944,199,10,9,99,1,12,7,5,2,5,36,0
E0227,Emp227,40,IT,19,139620,195,8,10,88,41,0,3,3,1,4,30,0
E0228,Emp228,51,Support,10,76848,108,6,1,83,16,9,3,1,1,5,48,0
E0229,Emp229,31,Support,6,66372,162,6,5,95,24,12,2,2,3,3,39,0
E0230,Emp230,46,Management,3,53060,110,4,8,95,6,6,4,5,4,3,22,0
E0231,Emp231,38,Finance,18,121690,165,7,6,97,44,12,4,3,2,5,36,0
E0232,Emp232,42,Support,10,80166,136,5,4,84,47,5,2,4,4,2,12,0
E0233,Emp233,46,IT,15,95600,125,3,2,80,3,13,1,1,2,4,48,1
E0234,Emp234,47,Sales,17,105240,215,3,6,95,41,4,8,2,5,2,39,0
E0235,Emp235,33,Sales,11,104220,170,7,12,88,28,0,4,1,1,5,8,0
E0236,Emp236,46,Support,17,111348,158,6,5,99,2,10,8,3,4,5,36,0
E0237,Emp237,45,IT,4,61536,81,7,9,96,57,14,5,5,4,2,48,0
E0238,Emp238,41,Finance,13,99888,123,5,9,87,33,7,5,2,1,5,14,0
E0239,Emp239,54,Support,10,95902,142,9,8,91,37,15,2,5,3,5,21,0
E0240,Emp240,27,Support,3,50696,241,3,10,81,59,14,4,5,4,3,19,0
E0241,Emp241,50,HR,9,67166,86,4,5,83,57,10,8,5,5,2,26,0
E0242,Emp242,32,Management,14,110468,228,10,4,85,46,4,3,5,1,2,41,0
E0243,Emp243,28,IT,17,106858,118,3,5,90,1,4,6,4,4,4,32,0
E0244,Emp244,36,HR,6,85484,139,10,10,91,51,9,1,4,2,5,36,0
E0245,Emp245,28,IT,5,77502,217,9,12,96,60,12,5,2,4,2,6,0
E0246,Emp246,25,Management,17,122932,197,6,8,86,39,6,1,2,4,2,7,0
E0247,Emp247,51,Sales,20,133104,84,7,5,86,54,1,1,3,3,4,43,0
E0248,Emp248,41,Finance,4,41154,159,4,2,83,28,15,7,5,4,5,31,0
E0249,Emp249,23,Finance,11,95480,180,6,10,84,30,8,5,4,1,4,26,0
E0250,Emp250,32,IT,13,82676,146,6,1,99,58,13,8,3,5,4,14,0
E0251,Emp251,43,Sales,10,83204,134,9,1,87,10,2,6,2,2,4,42,0
E0252,Emp252,53,Management,13,103008,243,3,11,83,25,15,0,2,1,4,6,1
E0253,Emp253,38,Finance,12,83048,108,4,2,89,24,5,3,3,2,5,17,0
E0254,Emp254,26,Finance,10,97100,125,6,11,86,29,10,0,4,1,4,46,0
E0255,Emp255,54,IT,2,53936,156,6,7,89,28,1,2,4,3,2,5,0
E0256,Emp256,22,IT,18,123920,170,6,7,81,18,14,2,3,4,5,47,0
E0257,Emp257,51,IT,10,74224,229,3,3,89,21,0,4,5,2,2,44,0
E0258,Emp258,41,HR,12,101742,82,9,4,83,45,1,0,4,2,3,19,0
E0259,Emp259,48,Sales,10,96616,136,8,8,80,32,5,1,4,4,3,27,0
E0260,Emp260,41,Support,3,66786,206,7,10,80,17,13,0,4,1,5,41,0
E0261,Emp261,45,Management,5,67738,198,3,11,82,29,4,1,3,4,2,34,0
E0262,Emp262,30,Support,13,114894,99,7,12,84,18,7,1,2,3,4,22,0
E0263,Emp263,34,Finance,13,108110,185,10,5,100,2,2,5,3,2,3,32,0
E0264,Emp264,53,Finance,7,85508,118,8,12,93,6,10,6,1,4,2,45,0
E0265,Emp265,55,HR,2,44424,179,7,2,83,31,11,3,5,1,2,22,0
E0266,Emp266,35,Management,5,67336,206,5,9,90,46,9,1,5,2,5,44,0
E0267,Emp267,46,Management,17,127984,114,6,11,98,20,15,0,3,5,4,39,0
E0268,Emp268,27,HR,1,47804,84,5,11,96,50,15,4,4,1,2,13,0
E0269,Emp269,30,HR,2,55008,243,6,9,96,33,10,3,1,5,3,21,0
E0270,Emp270,44,Sales,17,116598,208,7,4,96,1,9,4,1,3,3,49,0
E0271,Emp271,27,Sales,9,78834,139,6,3,99,10,2,2,4,5,3,39,0
E0272,Emp272,52,Finance,1,48002,217,10,4,94,28,8,7,1,3,3,49,0
E0273,Emp273,37,Sales,9,87058,243,7,7,93,12,12,2,2,4,5,49,0
E0274,Emp274,48,Support,15,112056,126,7,9,81,6,8,8,1,2,4,48,0
E0275,Emp275,38,Management,2,63590,115,7,12,86,32,8,2,2,3,5,43,0
E0276,Emp276,38,IT,13,99474,229,9,3,83,26,0,7,2,2,5,46,0
E0277,Emp277,42,Finance,12,97586,181,10,1,91,42,11,0,3,4,4,35,0
E0278,Emp278,46,Sales,11,80638,248,6,1,80,27,4,5,3,4,4,35,0
E0279,Emp279,50,Management,12,98622,162,6,6,99,19,1,1,4,2,2,37,0
E0280,Emp280,29,Support,16,113004,109,5,8,90,7,1,6,1,1,4,10,0
E0281,Emp281,35,IT,2,57946,91,10,8,95,48,13,6,1,4,4,44,0
E0282,Emp282,40,Finance,18,111528,138,5,1,92,40,3,2,1,5,2,27,0
E0283,Emp283,30,Sales,1,36054,209,6,3,82,42,10,6,3,3,4,32,0
E0284,Emp284,39,IT,11,85260,160,8,1,88,60,0,4,2,2,2,42,0
E0285,Emp285,47,Support,9,68738,223,7,1,82,56,8,8,5,2,4,5,0
E0286,Emp286,26,Support,19,140524,129,9,9,97,25,1,3,4,5,2,14,0
E0287,Emp287,32,Management,9,93010,235,9,10,91,40,12,5,5,4,3,5,0
E0288,Emp288,45,Support,18,119322,112,5,5,86,29,12,0,3,2,5,28,0
E0289,Emp289,26,Sales,6,51542,157,3,2,81,10,5,6,2,4,5,11,0
E0290,Emp290,40,HR,19,130864,219,5,10,91,33,14,2,3,4,5,9,0
E0291,Emp291,54,Finance,2,53308,118,10,2,92,4,9,3,5,4,4,44,0
E0292,Emp292,26,HR,2,46276,96,5,7,92,8,15,5,2,4,2,12,0
E0293,Emp293,35,Management,12,88592,207,6,1,99,25,1,2,1,1,2,47,0
E0294,Emp294,36,IT,10,86402,167,4,8,98,16,11,1,5,3,2,13,0
E0295,Emp295,54,Sales,17,108792,82,5,1,100,10,5,1,4,1,3,30,0
E0296,Emp296,50,Finance,12,90742,232,5,4,93,47,0,2,1,5,2,5,0
E0297,Emp297,50,Support,4,55728,238,3,11,81,44,4,8,5,4,5,28,0
E0298,Emp298,41,Finance,1,39274,204,6,6,85,53,13,7,2,2,3,44,1
E0299,Emp299,24,Finance,20,129440,215,9,2,89,23,14,4,1,2,5,6,0
E0300,Emp300,44,HR,14,118456,176,8,11,81,20,12,2,4,5,3,22,0
E0301,Emp301,45,HR,8,72514,144,9,1,80,1,3,8,1,3,4,5,0
E0302,Emp302,54,IT,13,99570,245,8,2,86,60,5,0,3,3,5,39,0
E0303,Emp303,46,IT,1,47076,246,5,10,84,36,13,5,2,1,3,38,0
E0304,Emp304,47,IT,7,70740,190,5,7,96,48,8,3,5,4,3,30,0
E0305,Emp305,53,Support,5,69176,246,9,4,89,50,10,0,1,1,4,19,0
E0306,Emp306,30,HR,12,115116,211,8,12,91,7,2,1,5,4,5,11,0
E0307,Emp307,44,Management,16,119206,201,10,5,88,48,13,3,2,1,2,41,0
E0308,Emp308,51,IT,2,64880,105,10,11,93,27,6,7,3,3,5,43,0
E0309,Emp309,33,Support,1,45244,199,7,7,81,11,10,8,5,2,4,18,0
E0310,Emp310,25,IT,12,96448,83,6,6,88,37,10,0,5,1,2,45,0
E0311,Emp311,25,IT,8,62866,86,6,1,94,45,11,6,1,3,4,29,1
E0312,Emp312,27,IT,12,110364,94,9,12,93,2,11,6,5,1,4,47,0
E0313,Emp313,45,Finance,13,92926,96,6,4,80,59,7,4,2,2,5,13,0
E0314,Emp314,47,Support,1,54852,242,5,12,81,44,5,2,2,4,5,15,0
E0315,Emp315,31,Management,11,75322,137,4,3,82,32,14,6,2,2,2,35,1
E0316,Emp316,55,HR,15,99710,210,5,1,98,55,3,0,5,5,4,50,0
E0317,Emp317,29,Sales,4,63514,144,5,10,86,9,12,3,1,5,5,31,0
E0318,Emp318,32,Management,5,62704,159,8,3,93,43,5,3,1,3,3,44,0
E0319,Emp319,54,Finance,7,71884,139,7,5,81,27,3,5,1,2,3,15,0
E0320,Emp320,41,Finance,15,120750,125,5,12,88,12,5,0,2,2,3,46,0
E0321,Emp321,41,Support,15,115960,110,6,9,90,44,6,0,3,2,2,17,0
E0322,Emp322,48,IT,8,92812,102,10,11,95,52,10,4,2,4,2,8,0
E0323,Emp323,44,Support,5,58170,195,5,6,98,4,13,6,3,3,4,47,1
E0324,Emp324,45,Finance,2,53132,197,8,7,97,9,6,8,4,1,5,41,0
E0325,Emp325,41,HR,19,130674,229,10,7,93,56,15,8,2,1,3,25,1
E0326,Emp326,51,IT,3,62782,247,7,9,86,26,3,4,2,1,2,31,0
E0327,Emp327,49,Support,1,36052,117,7,1,84,17,8,6,1,2,3,27,0
E0328,Emp328,27,Finance,13,100926,96,10,3,86,59,13,3,3,3,5,10,0
E0329,Emp329,36,Sales,17,119976,246,7,7,92,50,13,3,4,4,4,35,0
E0330,Emp330,45,Sales,4,68642,82,9,8,86,55,10,2,2,2,3,45,0
E0331,Emp331,52,HR,16,116572,137,6,8,87,17,4,4,1,3,2,50,0
E0332,Emp332,40,IT,9,78032,97,3,9,99,59,9,2,3,2,4,29,0
E0333,Emp333,33,Support,10,93492,107,9,6,99,21,2,4,4,5,2,30,0
E0334,Emp334,27,IT,15,107688,198,5,10,100,54,14,6,5,1,2,47,0
E0335,Emp335,35,Support,18,125320,220,9,2,100,26,9,0,4,3,5,32,0
E0336,Emp336,30,IT,13,86240,215,6,1,85,19,7,8,2,3,4,45,0
E0337,Emp337,52,Support,18,121898,158,8,1,99,5,8,0,1,5,2,5,0
E0338,Emp338,22,Finance,9,62580,80,4,3,88,60,14,8,3,5,3,7,0
E0339,Emp339,55,Management,9,80082,122,4,10,80,27,14,5,5,2,3,9,0
E0340,Emp340,44,IT,20,131276,96,8,3,100,22,3,3,4,5,3,13,0
E0341,Emp341,52,HR,18,110966,111,4,1,94,2,7,1,2,1,3,22,0
E0342,Emp342,26,HR,7,72036,206,7,6,92,36,6,6,4,5,4,36,0
E0343,Emp343,35,Management,1,49652,192,7,8,86,46,13,3,3,2,3,49,0
E0344,Emp344,38,HR,16,98552,167,3,4,88,59,1,6,2,1,5,39,1
E0345,Emp345,36,IT,19,116626,196,7,3,89,47,13,8,4,4,2,42,0
E0346,Emp346,40,Finance,16,119404,209,6,10,96,41,9,3,4,3,3,18,0
E0347,Emp347,29,Management,12,101410,135,5,9,91,38,1,0,3,1,4,50,0
E0348,Emp348,32,Support,16,96450,125,4,3,100,14,15,8,4,2,4,47,0
E0349,Emp349,45,HR,13,108506,151,8,10,89,34,11,5,1,4,3,28,0
E0350,Emp350,23,IT,4,63882,147,9,5,86,46,11,2,4,2,5,28,0
E0351,Emp351,31,Support,11,87872,137,5,5,98,47,8,0,3,3,4,30,0
E0352,Emp352,36,Support,18,129602,242,5,10,96,35,3,1,4,4,5,43,0
E0353,Emp353,25,Support,9,82626,246,9,1,98,49,1,1,5,3,4,21,0
E0354,Emp354,42,IT,11,76596,241,5,1,85,53,0,6,5,4,2,34,0
E0355,Emp355,23,Support,4,61652,217,4,8,86,17,1,1,3,2,2,48,0
E0356,Emp356,22,Sales,5,60856,126,5,7,100,34,4,5,2,3,4,27,0
E0357,Emp357,42,HR,1,39562,227,6,1,92,42,5,0,5,5,2,41,0
E0358,Emp358,52,Finance,9,89946,191,6,10,96,42,13,0,1,5,2,27,0
E0359,Emp359,23,Finance,16,128614,219,7,12,91,48,7,0,2,1,4,38,0
E0360,Emp360,23,HR,19,149252,192,10,12,86,40,0,2,2,1,3,50,0
E0361,Emp361,33,Sales,5,62836,131,8,3,98,49,2,3,3,3,4,35,0
E0362,Emp362,44,Support,16,107478,88,5,6,92,23,1,7,5,4,5,13,0
E0363,Emp363,44,Support,3,68400,125,8,10,91,29,2,2,2,2,3,7,0
E0364,Emp364,30,HR,7,63578,238,5,4,88,33,7,6,2,1,3,48,0
E0365,Emp365,32,Management,1,40582,197,9,2,96,12,13,8,2,4,3,23,0
E0366,Emp366,55,IT,6,74834,189,7,9,84,48,3,4,1,3,4,9,0
E0367,Emp367,52,Management,15,109654,84,8,4,94,51,0,3,4,4,2,49,0
E0368,Emp368,30,Sales,15,125904,159,10,9,86,23,8,1,5,4,5,24,0
E0369,Emp369,45,Sales,7,77082,147,6,7,86,18,10,0,3,5,4,9,0
E0370,Emp370,39,HR,18,130316,161,8,8,90,13,12,3,4,2,3,11,0
E0371,Emp371,31,Sales,4,55448,183,3,10,86,27,9,6,3,3,3,15,1
E0372,Emp372,38,Support,9,80942,232,10,1,96,35,5,5,4,3,4,42,0
E0373,Emp373,31,Sales,7,75502,142,8,7,95,29,0,8,3,3,2,39,0
E0374,Emp374,32,IT,5,62104,109,3,8,91,23,9,0,5,2,2,36,0
E0375,Emp375,47,Management,10,95772,237,9,9,95,31,14,5,1,4,4,28,0
E0376,Emp376,31,IT,8,79390,190,5,6,96,1,0,1,4,2,2,29,0
E0377,Emp377,30,Sales,3,66396,216,8,11,91,28,9,5,5,5,2,38,0
E0378,Emp378,37,Management,12,102794,124,10,4,89,19,11,1,5,1,3,23,0
E0379,Emp379,33,IT,10,92598,158,5,12,95,33,14,3,5,3,4,32,0
E0380,Emp380,46,Support,17,117634,89,10,3,95,16,10,7,2,1,3,6,0
E0381,Emp381,44,IT,8,93272,212,9,9,88,38,4,0,1,3,4,43,0
E0382,Emp382,53,HR,1,47558,243,7,8,82,2,11,8,2,4,3,20,0
E0383,Emp383,48,IT,6,84554,184,9,12,94,53,5,4,4,3,3,9,0
E0384,Emp384,42,HR,4,49152,242,5,1,87,4,7,3,2,5,2,44,0
E0385,Emp385,23,IT,20,132240,215,10,1,92,9,12,3,1,3,5,34,0
E0386,Emp386,36,HR,2,36056,151,3,5,97,43,1,8,5,5,5,17,0
E0387,Emp387,49,HR,13,92378,113,6,5,93,28,7,8,5,2,3,30,0
E0388,Emp388,43,Support,14,104366,136,5,11,91,47,7,8,1,2,3,18,0
E0389,Emp389,45,HR,7,71778,88,5,7,99,11,4,4,5,2,5,21,0
E0390,Emp390,41,Management,9,69436,206,4,3,84,6,12,5,2,1,3,34,1
E0391,Emp391,51,Management,15,103656,176,7,5,93,36,8,8,2,5,3,30,0
E0392,Emp392,28,Finance,18,129562,227,9,6,85,14,7,4,4,2,3,16,0
E0393,Emp393,36,Support,8,81328,238,7,7,82,32,8,3,2,4,5,26,0
E0394,Emp394,41,HR,15,120066,186,5,12,98,13,10,0,3,5,5,31,0
E0395,Emp395,31,Management,9,92224,129,9,8,85,23,14,2,2,3,3,49,0
E0396,Emp396,53,Support,18,115406,151,6,1,87,18,12,0,3,3,2,5,0
E0397,Emp397,27,Finance,11,106092,157,10,10,82,55,8,3,5,2,5,46,0
E0398,Emp398,32,Finance,15,107304,209,10,2,90,13,12,7,3,2,5,17,1
E0399,Emp399,43,Management,1,45688,248,3,12,92,32,14,5,1,5,4,16,0
E0400,Emp400,43,Sales,4,59662,177,6,6,88,16,2,4,1,2,4,31,0
E0401,Emp401,38,Support,16,113188,223,8,4,90,43,1,5,4,1,3,28,0
E0402,Emp402,44,Management,5,76078,88,8,10,94,3,14,2,2,1,2,5,0
E0403,Emp403,41,Finance,12,104072,112,6,12,99,20,6,5,3,4,5,18,0
E0404,Emp404,50,Finance,6,52940,215,3,4,93,41,5,7,4,4,5,48,0
E0405,Emp405,35,IT,2,51740,90,6,6,84,40,8,0,2,5,4,39,0
E0406,Emp406,40,Sales,11,92444,249,9,2,95,17,9,2,2,5,3,19,0
E0407,Emp407,23,Support,10,90272,162,8,7,97,50,14,3,2,1,5,40,0
E0408,Emp408,43,Support,20,132176,246,6,4,93,6,6,0,1,5,2,38,0
E0409,Emp409,34,Finance,3,60460,235,10,5,80,17,13,5,5,1,2,19,0
E0410,Emp410,34,IT,12,96348,208,6,7,96,18,8,4,3,3,3,47,0
E0411,Emp411,25,Sales,18,122988,198,8,5,92,12,3,7,1,1,5,30,0
E0412,Emp412,46,HR,5,56738,198,4,6,89,47,12,3,5,4,4,5,0
E0413,Emp413,23,Support,6,69602,117,3,11,98,40,12,1,5,4,5,37,0
E0414,Emp414,50,HR,3,42610,160,6,2,89,33,4,8,2,3,5,7,0
E0415,Emp415,48,HR,5,58410,135,4,9,85,50,8,7,2,5,5,29,0
E0416,Emp416,53,HR,8,85602,92,7,12,88,33,12,6,5,3,3,21,0
E0417,Emp417,42,Sales,8,60604,184,3,1,94,60,9,1,4,1,2,34,0
E0418,Emp418,34,Sales,10,79236,156,5,3,87,36,14,0,2,1,2,41,0
E0419,Emp419,55,IT,4,70272,87,8,10,87,9,4,5,3,4,4,39,0
E0420,Emp420,24,Sales,14,99252,242,4,7,91,56,15,2,3,1,4,42,1
E0421,Emp421,50,Sales,3,42128,213,5,1,93,3,9,5,1,5,5,40,0
E0422,Emp422,34,Management,7,77862,202,8,9,93,53,2,8,2,4,2,35,0
E0423,Emp423,31,Finance,16,110268,203,6,2,85,3,2,1,4,4,2,36,0
E0424,Emp424,41,Sales,2,48266,161,7,7,96,60,9,7,2,3,5,19,0
E0425,Emp425,46,IT,18,140876,221,10,10,84,5,1,4,3,2,2,8,0
E0426,Emp426,36,Finance,12,105118,228,6,11,97,33,12,1,5,3,3,37,0
E0427,Emp427,32,Sales,12,101082,172,4,12,86,23,2,4,5,2,2,27,0
E0428,Emp428,42,Management,2,49704,159,4,7,93,33,6,0,1,5,5,12,0
E0429,Emp429,38,Finance,6,88882,122,10,11,82,49,6,0,3,4,3,28,0
E0430,Emp430,30,IT,3,71872,162,8,10,89,8,1,0,4,3,3,21,0
E0431,Emp431,50,Support,12,91472,112,6,5,81,52,3,4,5,3,5,36,0
E0432,Emp432,49,Finance,12,108094,224,10,7,82,5,8,3,3,4,4,6,0
E0433,Emp433,22,HR,17,111222,212,5,3,99,33,14,0,4,2,2,41,0
E0434,Emp434,51,Management,15,96502,117,6,2,98,50,4,7,5,3,3,28,0
E0435,Emp435,39,Finance,2,47208,243,10,2,80,49,7,8,5,3,3,28,0
E0436,Emp436,35,Sales,1,39466,186,3,8,87,1,10,6,1,5,2,5,0
E0437,Emp437,27,HR,9,70278,163,6,1,92,60,15,2,5,1,4,20,0
E0438,Emp438,26,Management,17,123640,190,9,6,94,14,3,6,4,1,5,15,0
E0439,Emp439,46,Finance,4,50836,156,5,5,82,44,12,5,2,4,5,10,0
E0440,Emp440,53,Support,6,57102,117,5,3,89,58,13,3,2,4,5,30,0
E0441,Emp441,44,Management,7,77150,125,9,4,86,56,10,0,3,4,5,21,0
E0442,Emp442,50,IT,18,122588,198,4,9,98,52,11,1,1,3,2,30,1
E0443,Emp443,34,HR,3,52146,116,9,3,94,15,11,7,4,3,5,33,0
E0444,Emp444,52,Finance,5,53008,118,5,2,99,6,15,3,3,3,4,38,0
E0445,Emp445,48,Support,15,99670,245,3,7,81,16,3,8,1,3,4,21,1
E0446,Emp446,45,Management,1,51162,152,6,11,82,53,2,6,2,5,5,42,0
E0447,Emp447,26,Management,10,105194,149,10,9,88,26,3,0,5,4,2,5,0
E0448,Emp448,29,Management,19,135178,213,8,9,100,0,9,6,3,5,4,35,0
E0449,Emp449,27,HR,11,106188,98,9,12,83,56,1,5,2,5,4,32,0
E0450,Emp450,27,HR,13,107266,211,6,10,83,18,3,4,4,4,3,30,0
E0451,Emp451,53,IT,16,109938,223,9,2,90,10,15,6,4,3,5,5,0
E0452,Emp452,28,Support,13,117378,163,9,11,91,40,12,0,1,1,3,31,0
E0453,Emp453,41,Sales,10,104350,225,10,12,84,36,14,4,1,4,4,31,0
E0454,Emp454,22,Support,13,100416,111,6,5,98,23,8,0,4,1,5,10,0
E0455,Emp455,49,Management,1,39646,116,4,8,82,15,6,8,4,2,5,50,0
E0456,Emp456,30,HR,1,48590,115,9,5,88,18,11,5,5,5,4,43,0
E0457,Emp457,51,Support,15,106254,159,3,10,80,34,5,5,2,5,5,46,0
E0458,Emp458,40,Support,2,34262,152,5,1,95,39,0,8,4,4,3,5,0
E0459,Emp459,29,Sales,6,64704,84,8,3,100,44,0,6,4,3,4,38,0
E0460,Emp460,35,Sales,16,119138,173,10,6,97,42,13,5,2,4,4,48,0
E0461,Emp461,52,Sales,10,70652,142,5,1,95,54,14,4,3,2,4,40,0
E0462,Emp462,34,Finance,6,55652,92,3,6,100,24,15,6,5,1,5,22,0
E0463,Emp463,36,Sales,9,80502,92,5,9,96,33,3,7,5,4,2,15,0
E0464,Emp464,32,Sales,17,116798,158,4,12,89,57,12,7,3,4,3,40,0
E0465,Emp465,27,Sales,18,116954,159,3,6,95,22,6,1,5,4,3,39,0
E0466,Emp466,27,HR,18,117646,216,7,1,99,11,2,3,1,2,3,20,0
E0467,Emp467,30,Finance,16,113832,247,6,7,97,41,11,3,3,5,3,5,0
E0468,Emp468,26,Support,3,56118,128,10,3,93,23,2,7,5,3,5,41,0
E0469,Emp469,24,HR,6,84562,177,9,10,84,52,2,1,3,5,5,44,0
E0470,Emp470,45,Support,16,116278,163,5,12,91,44,8,7,2,3,4,29,0
E0471,Emp471,55,Support,7,74688,148,8,5,91,54,0,4,2,4,3,18,0
E0472,Emp472,46,Finance,14,109220,120,8,6,85,58,7,1,2,2,2,28,0
E0473,Emp473,55,IT,12,96544,149,4,9,81,51,5,1,4,3,5,45,0
E0474,Emp474,41,Finance,18,126088,223,5,9,98,31,12,1,4,1,2,11,0
E0475,Emp475,22,Sales,2,59934,189,6,12,98,36,5,4,1,5,3,47,0
E0476,Emp476,45,IT,19,134368,203,9,5,97,5,3,3,2,4,5,34,0
E0477,Emp477,40,Support,15,115780,230,10,4,88,6,15,2,1,1,2,49,0
E0478,Emp478,47,Support,12,101438,223,10,3,94,50,4,1,5,5,4,31,0
E0479,Emp479,43,Finance,4,60990,240,4,12,81,45,4,7,2,5,3,13,0
E0480,Emp480,42,Sales,4,56304,109,7,4,89,21,0,6,2,3,4,24,0
E0481,Emp481,54,Finance,19,127134,189,3,9,87,4,5,2,4,5,3,25,0
E0482,Emp482,36,HR,10,85108,243,8,2,95,47,13,0,3,5,2,31,0
E0483,Emp483,32,Management,10,79140,240,6,3,84,42,13,3,3,2,3,29,0
E0484,Emp484,54,IT,2,43994,199,4,6,93,48,3,4,4,3,3,49,0
E0485,Emp485,55,IT,8,77214,219,10,2,83,34,0,7,5,1,4,28,0
E0486,Emp486,44,Sales,4,68402,142,7,11,95,7,7,6,3,1,3,10,0
E0487,Emp487,34,IT,12,71380,180,3,1,82,48,13,8,4,2,4,14,0
E0488,Emp488,28,IT,10,75806,226,3,7,92,45,12,6,3,1,5,30,1
E0489,Emp489,23,IT,17,136504,184,10,9,97,30,4,0,4,4,4,50,0
E0490,Emp490,30,Support,15,98218,228,3,4,89,47,0,3,3,4,5,39,0
E0491,Emp491,52,Management,7,80894,124,9,6,93,41,3,2,4,1,2,20,0
E0492,Emp492,46,HR,1,39798,83,4,5,100,4,5,3,1,1,4,11,0
E0493,Emp493,37,HR,18,136040,165,9,11,99,13,8,6,4,3,2,46,0
E0494,Emp494,22,Finance,13,106768,103,9,8,93,25,0,8,2,3,3,39,0
E0495,Emp495,52,Finance,7,67994,149,3,8,92,2,1,6,5,5,5,9,0
E0496,Emp496,41,Finance,10,93866,186,8,6,89,33,2,1,1,3,3,43,0
E0497,Emp497,43,Support,5,71710,85,9,6,99,0,3,4,3,5,3,39,0
E0498,Emp498,28,IT,19,143088,248,10,9,98,42,0,3,4,5,2,44,0
E0499,Emp499,22,Finance,1,35184,89,5,2,92,15,1,5,2,4,2,27,0
E0500,Emp500,38,Support,2,70754,84,10,12,99,15,3,4,5,3,3,26,0
E0501,Emp501,26,HR,16,124564,119,10,11,94,59,15,7,5,4,4,19,0
E0502,Emp502,37,Support,7,73958,193,3,12,100,48,12,3,3,1,2,14,1
E0503,Emp503,49,IT,8,78844,249,7,7,93,51,1,6,5,5,5,23,0
E0504,Emp504,22,Finance,8,81664,194,10,4,99,42,13,3,1,4,4,39,0
E0505,Emp505,32,HR,4,54646,241,3,8,84,2,3,6,3,4,3,42,0
E0506,Emp506,32,Finance,9,74796,116,4,5,88,16,13,2,2,1,3,10,1
E0507,Emp507,31,Finance,15,121614,119,8,9,81,8,7,1,5,3,5,41,0
E0508,Emp508,24,Support,8,94664,169,10,11,85,3,5,6,4,3,2,23,0
E0509,Emp509,39,IT,10,88390,90,8,4,92,35,3,2,3,5,4,18,0
E0510,Emp510,27,Management,19,142262,152,10,8,84,15,4,2,5,5,4,43,0
E0511,Emp511,23,HR,16,114298,83,9,4,91,38,15,3,1,5,3,9,0
E0512,Emp512,31,Support,10,83124,154,9,2,90,58,0,6,1,3,4,48,0
E0513,Emp513,38,IT,13,105474,179,9,6,93,32,14,3,4,3,3,23,0
E0514,Emp514,44,Finance,20,116730,130,3,1,81,3,1,3,2,3,2,14,0
E0515,Emp515,27,Sales,17,100730,230,3,1,80,53,4,3,1,2,5,12,0
E0516,Emp516,28,IT,4,52130,155,7,1,87,34,7,3,4,2,4,44,0
E0517,Emp517,30,IT,13,98680,230,8,6,92,36,11,8,2,2,5,33,1
E0518,Emp518,52,Management,4,59110,85,8,3,83,20,9,2,3,4,2,8,0
E0519,Emp519,40,Management,18,112598,233,3,4,94,46,1,2,3,1,4,15,0
E0520,Emp520,47,IT,10,81606,101,5,6,86,22,11,4,4,4,5,11,0
E0521,Emp521,27,HR,1,51772,212,4,11,88,16,10,1,3,1,2,43,0
E0522,Emp522,33,Management,19,129326,96,5,11,99,57,11,4,2,5,3,43,0
E0523,Emp523,46,Finance,7,78576,196,6,10,88,50,8,3,5,2,3,41,0
E0524,Emp524,29,IT,14,111566,236,8,6,80,17,14,0,1,4,3,50,0
E0525,Emp525,22,HR,17,108372,237,4,7,85,55,12,7,1,1,3,49,1
E0526,Emp526,46,IT,6,80498,133,7,11,92,52,0,2,4,1,5,22,0
E0527,Emp527,52,HR,18,109206,101,6,1,95,40,6,6,4,2,2,24,0
E0528,Emp528,38,Sales,9,89954,209,9,7,88,38,15,2,3,5,5,30,0
E0529,Emp529,29,Management,18,140694,99,10,12,90,34,4,5,3,4,4,12,0
E0530,Emp530,30,IT,2,60918,228,8,11,81,41,1,7,3,1,2,23,0
E0531,Emp531,39,Finance,4,57400,150,4,12,94,54,12,8,3,4,4,39,0
E0532,Emp532,55,Support,2,65860,135,10,8,94,3,1,3,3,2,3,12,0
E0533,Emp533,37,Management,2,52392,82,4,10,95,54,12,0,4,2,4,28,0
E0534,Emp534,34,Support,15,98764,194,4,7,82,58,13,7,4,1,5,41,0
E0535,Emp535,26,Sales,3,59796,216,10,2,99,52,5,0,3,2,2,25,0
E0536,Emp536,51,Support,2,59400,125,7,10,94,17,5,4,3,5,4,8,0
E0537,Emp537,40,Finance,3,68188,198,10,8,88,22,9,3,1,2,3,38,0
E0538,Emp538,52,Finance,19,118968,103,7,3,90,33,12,6,2,2,2,14,1
E0539,Emp539,52,Sales,16,112104,234,4,8,92,2,13,3,5,2,4,41,0
E0540,Emp540,41,Sales,8,65508,193,4,3,96,13,12,4,4,3,4,38,0
E0541,Emp541,38,Sales,20,146734,89,9,12,99,54,1,5,3,5,2,39,0
E0542,Emp542,32,Sales,14,108372,112,4,10,85,26,10,0,5,3,4,43,0
E0543,Emp543,29,IT,15,104334,189,6,4,80,18,8,4,4,2,4,40,0
E0544,Emp544,44,Management,7,71654,134,9,3,96,55,4,5,3,2,4,45,0
E0545,Emp545,38,Finance,7,74700,175,5,11,83,27,4,8,5,4,2,25,0
E0546,Emp546,25,Sales,1,59184,139,6,12,83,31,6,0,1,4,2,37,0
E0547,Emp547,48,Management,16,122838,173,9,10,97,22,8,8,5,5,4,26,0
E0548,Emp548,22,Support,13,97958,168,4,9,96,51,6,4,3,4,2,45,0
E0549,Emp549,50,Support,18,117180,105,5,6,82,19,4,6,2,1,3,9,0
E0550,Emp550,27,Finance,2,62944,99,7,11,82,23,14,0,4,2,4,41,0
E0551,Emp551,30,Management,20,140716,186,5,12,96,2,2,4,2,1,3,26,0
E0552,Emp552,41,Support,17,99796,191,4,2,96,45,6,8,2,1,5,19,1
E0553,Emp553,33,IT,13,107494,199,10,6,99,24,14,4,2,2,2,37,0
E0554,Emp554,50,HR,14,96816,86,3,5,82,4,5,2,3,5,5,23,0
E0555,Emp555,26,Management,6,59934,239,3,6,88,40,14,2,3,3,3,37,1
E0556,Emp556,46,Management,14,98732,172,4,9,87,14,14,8,4,5,5,32,0
E0557,Emp557,46,IT,7,57824,129,6,2,96,41,15,8,4,1,2,43,0
E0558,Emp558,49,HR,16,91878,138,3,2,96,53,7,8,4,2,4,44,0
E0559,Emp559,31,Finance,20,138482,197,10,6,98,6,1,8,4,4,3,14,0
E0560,Emp560,22,Support,12,91566,86,7,3,99,53,6,2,1,3,3,37,0
E0561,Emp561,45,Sales,16,105012,102,5,4,91,18,7,5,4,1,4,49,0
E0562,Emp562,41,Management,19,138788,223,7,10,83,39,3,1,5,5,5,39,0
E0563,Emp563,22,Sales,6,71706,201,9,3,97,12,4,3,2,1,5,37,0
E0564,Emp564,26,Finance,12,90008,218,6,3,97,50,1,3,4,4,2,36,0
E0565,Emp565,49,Finance,8,90866,86,8,10,95,21,8,1,1,5,5,19,0
E0566,Emp566,53,Management,4,44124,154,3,4,88,18,13,6,5,1,2,44,0
E0567,Emp567,45,Management,12,91904,134,8,3,85,54,8,4,2,3,5,10,0
E0568,Emp568,37,Finance,6,57134,239,5,2,92,24,1,6,1,3,2,50,0
E0569,Emp569,51,IT,2,42328,113,3,9,96,57,1,8,1,1,2,44,1
E0570,Emp570,27,IT,20,126760,210,4,5,84,34,4,1,1,5,2,17,0
E0571,Emp571,40,Finance,20,126586,231,4,6,97,0,3,5,2,4,3,39,0
E0572,Emp572,32,IT,6,75216,236,10,5,96,60,11,2,3,3,2,47,0
E0573,Emp573,24,IT,10,96302,217,8,10,89,32,7,5,2,4,4,30,0
E0574,Emp574,45,Support,5,69750,250,9,7,89,47,15,4,2,1,4,39,0
E0575,Emp575,50,Management,14,102858,168,10,4,87,47,15,8,1,4,4,50,0
E0576,Emp576,35,HR,18,139882,247,9,12,90,42,8,3,3,4,4,35,0
E0577,Emp577,25,Management,5,76752,117,7,12,88,43,2,3,3,1,4,34,0
E0578,Emp578,54,Management,1,49554,109,6,10,80,12,5,7,1,1,3,35,0
E0579,Emp579,41,Finance,10,87524,104,8,8,83,34,14,8,2,1,3,45,1
E0580,Emp580,49,Finance,10,99658,218,6,12,80,13,3,2,1,1,4,41,0
E0581,Emp581,48,HR,10,80640,165,8,2,80,11,2,8,2,2,4,25,0
E0582,Emp582,30,HR,10,88234,114,9,5,98,35,11,5,1,4,2,26,0
E0583,Emp583,25,HR,16,121600,200,5,12,87,50,1,3,3,1,2,36,0
E0584,Emp584,36,Management,15,97412,102,5,1,93,52,2,2,4,1,4,40,0
E0585,Emp585,30,Support,5,82096,241,10,8,87,25,0,0,1,3,3,23,0
E0586,Emp586,35,Management,3,68454,159,6,12,83,44,2,0,3,4,5,20,0
E0587,Emp587,25,Support,10,85222,212,7,3,90,59,0,1,1,4,4,19,0
E0588,Emp588,40,Sales,17,127272,237,10,5,90,9,6,3,4,4,3,6,0
E0589,Emp589,37,Finance,11,102200,250,10,7,88,56,13,1,2,1,2,12,0
E0590,Emp590,24,Sales,17,115620,220,6,5,89,48,4,3,3,2,4,11,0
E0591,Emp591,28,HR,16,107926,171,6,4,87,18,7,5,1,4,2,45,0
E0592,Emp592,24,Finance,8,93136,131,10,11,83,33,9,5,4,4,5,29,0
E0593,Emp593,32,Management,11,108996,141,9,11,82,29,6,1,4,4,3,21,0
E0594,Emp594,35,Management,1,46702,217,4,11,100,14,11,6,1,3,3,32,1
E0595,Emp595,46,Sales,5,72790,240,7,9,100,53,1,2,4,4,4,26,0
E0596,Emp596,30,Finance,13,107468,103,10,6,88,49,5,4,2,1,3,29,0
E0597,Emp597,25,HR,20,122378,238,4,4,89,41,6,3,1,2,3,17,0
E0598,Emp598,25,HR,6,67580,155,6,5,87,7,15,1,1,1,3,16,0
E0599,Emp599,32,Support,9,79288,123,7,2,88,21,5,1,3,3,2,9,0
E0600,Emp600,36,IT,8,82622,137,3,11,97,6,6,0,1,1,5,6,0
E0601,Emp601,45,Management,12,96908,168,5,9,94,60,9,2,4,5,5,15,0
E0602,Emp602,38,Finance,17,110680,155,5,4,98,9,10,4,2,5,5,42,0
E0603,Emp603,45,Management,11,88144,124,6,5,100,42,10,2,2,3,2,45,0
E0604,Emp604,35,IT,15,111288,248,5,8,88,12,5,3,4,5,5,20,0
E0605,Emp605,28,Support,11,97382,197,7,11,80,36,4,8,4,3,4,50,0
E0606,Emp606,22,Support,14,84394,149,4,1,81,58,7,7,2,4,3,35,0
E0607,Emp607,22,IT,10,66208,143,4,1,84,37,8,8,2,2,3,43,1
E0608,Emp608,40,Sales,5,55050,250,5,5,99,33,4,8,3,3,2,19,0
E0609,Emp609,54,HR,14,99938,248,4,8,96,23,14,5,3,3,5,6,1
E0610,Emp610,43,Management,1,45000,250,4,10,98,20,0,8,5,1,3,15,0
E0611,Emp611,36,IT,4,48364,144,5,3,87,4,11,6,2,3,3,20,1
E0612,Emp612,25,Management,1,46524,129,3,12,91,5,13,5,2,3,5,45,1
E0613,Emp613,49,Support,5,57970,120,3,10,99,19,14,7,1,1,3,35,1
E0614,Emp614,26,HR,17,111860,185,6,2,86,15,8,2,4,3,2,29,0
E0615,Emp615,40,Sales,9,84560,210,8,3,88,32,0,1,2,5,5,18,0
E0616,Emp616,50,HR,14,94428,213,3,3,80,7,2,2,4,4,5,26,0
E0617,Emp617,50,Finance,15,119782,222,8,11,83,37,10,5,1,2,3,43,0
E0618,Emp618,49,HR,5,66506,101,8,7,85,44,15,4,5,5,3,29,0
E0619,Emp619,29,Management,2,48506,176,3,10,87,29,3,5,4,3,4,50,0
E0620,Emp620,32,Finance,10,84600,225,4,9,83,47,13,3,5,4,2,45,0
E0621,Emp621,52,Management,13,106444,124,8,7,85,20,12,2,1,5,4,25,0
E0622,Emp622,31,Sales,13,106666,186,5,10,93,9,0,3,2,5,4,23,0
E0623,Emp623,22,Sales,18,100596,166,3,2,85,34,14,8,1,5,4,46,0
E0624,Emp624,30,HR,2,48040,140,7,3,98,50,1,2,1,1,4,27,0
E0625,Emp625,48,IT,2,62376,96,9,7,91,18,7,0,4,4,5,5,0
E0626,Emp626,28,Finance,5,47236,231,4,2,84,37,12,6,3,1,4,6,1
E0627,Emp627,26,Support,17,119068,178,4,11,99,50,4,5,3,5,4,36,0
E0628,Emp628,34,Support,17,117554,84,5,11,80,39,14,7,4,5,5,19,0
E0629,Emp629,40,IT,7,61932,172,4,6,84,24,11,8,4,3,2,27,0
E0630,Emp630,45,Support,5,45512,152,4,1,82,18,14,6,3,5,5,36,0
E0631,Emp631,39,Sales,13,88502,217,4,3,91,34,5,4,1,3,4,15,0
E0632,Emp632,54,Support,18,133802,217,5,11,98,4,3,0,2,5,5,40,0
E0633,Emp633,37,Sales,19,122968,128,7,3,87,24,0,5,2,2,3,20,0
E0634,Emp634,23,Sales,2,54686,231,5,12,100,16,10,7,5,2,3,32,0
E0635,Emp635,35,Support,16,107068,103,5,2,94,13,0,1,4,5,5,11,0
E0636,Emp636,37,HR,12,93564,169,10,3,96,41,14,7,1,4,2,37,0
E0637,Emp637,38,Management,12,97078,113,8,6,81,36,8,5,1,3,4,20,0
E0638,Emp638,49,Sales,4,54826,146,8,1,100,49,2,3,3,5,5,46,0
E0639,Emp639,31,IT,3,42958,93,6,2,91,54,10,5,2,3,3,37,0
E0640,Emp640,37,Finance,8,65668,153,4,3,98,41,3,4,2,4,3,35,0
E0641,Emp641,29,IT,17,115830,155,7,6,84,22,14,6,4,3,3,12,0
E0642,Emp642,43,Sales,11,97762,127,8,7,96,46,9,1,1,4,3,15,0
E0643,Emp643,44,Support,5,61848,208,6,3,91,2,1,2,2,1,3,11,0
E0644,Emp644,53,HR,5,53634,189,5,4,87,38,14,5,1,5,5,35,0
E0645,Emp645,38,Management,3,45070,220,6,2,81,51,9,4,2,4,4,34,0
E0646,Emp646,26,HR,10,75504,184,3,3,84,6,6,2,1,1,5,16,0
E0647,Emp647,33,Sales,11,81128,138,4,6,100,24,9,7,5,1,5,19,0
E0648,Emp648,32,IT,4,60398,208,5,8,96,35,10,2,4,1,4,30,0
E0649,Emp649,53,IT,13,119930,80,10,11,83,17,0,3,5,1,5,6,0
E0650,Emp650,29,IT,4,69270,170,7,10,95,53,3,2,3,2,3,23,0
E0651,Emp651,46,HR,2,49462,127,4,8,93,14,15,1,2,3,2,30,1
E0652,Emp652,53,Management,18,120484,189,3,9,80,43,11,1,4,3,2,46,0
E0653,Emp653,32,Support,5,57678,113,4,8,92,50,2,7,3,2,4,29,1
E0654,Emp654,38,Sales,20,134758,193,10,2,97,44,9,1,3,4,2,31,0
E0655,Emp655,39,Management,20,141454,159,9,9,85,44,5,5,3,4,5,37,0
E0656,Emp656,30,HR,4,64494,99,10,6,84,42,9,6,2,5,2,10,0
E0657,Emp657,26,Finance,18,124540,215,9,5,84,17,2,8,5,1,2,30,0
E0658,Emp658,35,Management,14,106254,159,6,6,88,14,9,1,4,5,2,41,0
E0659,Emp659,50,Support,10,92196,141,4,12,99,21,6,3,5,2,4,13,0
E0660,Emp660,25,IT,2,45860,185,3,5,91,3,3,0,3,3,5,44,0
E0661,Emp661,44,HR,15,95914,194,5,4,83,49,15,7,2,1,4,43,1
E0662,Emp662,28,Support,15,90710,160,3,1,97,1,10,5,1,5,4,43,0
E0663,Emp663,37,HR,3,62684,114,9,11,81,60,14,8,3,1,5,18,1
E0664,Emp664,51,Finance,17,120638,123,8,7,100,28,4,7,5,1,5,27,0
E0665,Emp665,36,Finance,1,44460,110,10,4,100,38,15,8,2,2,5,16,1
E0666,Emp666,47,Finance,2,56540,115,8,6,85,47,3,1,3,2,5,47,0
E0667,Emp667,54,Management,4,59670,95,6,8,82,46,0,6,3,4,2,24,0
E0668,Emp668,31,IT,6,48436,156,3,1,89,4,3,8,3,3,3,25,1
E0669,Emp669,53,IT,8,72462,127,7,2,99,28,10,2,1,4,4,48,0
E0670,Emp670,25,Finance,6,83030,130,8,12,88,3,11,4,4,2,3,18,0
E0671,Emp671,34,Finance,6,61592,82,7,3,85,44,3,6,3,2,4,28,0
E0672,Emp672,52,Management,20,131942,157,7,7,84,46,14,4,2,3,5,29,0
E0673,Emp673,24,Finance,10,100254,134,9,10,82,57,11,1,3,3,4,42,0
E0674,Emp674,24,IT,12,116298,233,9,12,91,4,5,2,1,1,5,15,0
E0675,Emp675,27,IT,6,80400,100,10,7,89,32,6,2,2,1,5,10,0
E0676,Emp676,48,Support,6,63972,237,6,5,86,53,9,4,5,5,3,19,0
E0677,Emp677,47,HR,16,121184,239,9,6,89,47,11,1,1,4,2,14,0
E0678,Emp678,53,IT,14,116962,177,10,9,84,10,9,6,1,5,4,6,0
E0679,Emp679,46,IT,19,119224,129,7,4,93,39,14,7,4,2,2,18,0
E0680,Emp680,22,Management,18,131314,219,6,11,80,0,14,3,3,5,4,19,0
E0681,Emp681,25,Support,5,54518,153,3,6,94,48,9,3,5,1,4,30,0
E0682,Emp682,36,IT,14,107908,143,6,8,97,7,0,5,2,3,4,25,0
E0683,Emp683,24,HR,6,70410,160,5,9,93,49,4,3,5,5,3,31,0
E0684,Emp684,24,Sales,7,77358,168,6,11,96,39,15,5,4,1,2,8,0
E0685,Emp685,52,Management,1,50264,94,9,7,100,34,11,6,5,3,4,13,0
E0686,Emp686,37,IT,18,129466,111,8,7,93,52,11,0,4,2,4,29,0
E0687,Emp687,22,Support,13,88808,193,3,3,90,47,2,1,3,3,3,25,0
E0688,Emp688,29,Finance,8,83410,85,10,3,87,2,12,1,3,4,4,12,0
E0689,Emp689,31,Finance,10,101404,84,10,11,80,22,4,7,4,5,5,28,0
E0690,Emp690,49,Finance,19,149194,149,10,11,83,0,10,0,1,4,3,45,0
E0691,Emp691,32,Finance,12,106856,126,7,11,100,0,1,5,4,4,3,35,0
E0692,Emp692,44,Support,8,71006,176,4,4,91,21,1,2,3,2,2,42,0
E0693,Emp693,24,IT,16,113040,115,10,4,98,57,10,7,4,2,4,31,0
E0694,Emp694,50,Management,12,90674,229,6,4,83,30,7,4,5,5,4,43,0
E0695,Emp695,49,IT,2,57944,224,6,8,87,12,6,0,3,2,5,32,0
E0696,Emp696,44,HR,9,68790,215,4,2,97,4,2,6,3,5,2,38,0
E0697,Emp697,42,Management,5,55100,225,8,1,99,19,8,8,2,1,4,30,0
E0698,Emp698,35,HR,4,63834,164,5,10,84,49,6,2,4,1,5,24,0
E0699,Emp699,29,Finance,6,63936,206,8,3,84,30,11,6,3,3,3,25,1
E0700,Emp700,54,Finance,11,80154,134,5,4,96,57,10,5,3,5,5,31,0
E0701,Emp701,32,Support,7,74436,131,5,10,96,47,5,5,1,4,4,50,0
E0702,Emp702,32,Sales,11,86570,220,9,1,83,11,5,7,5,1,5,12,0
E0703,Emp703,30,Sales,19,143266,136,10,9,95,9,14,1,4,3,2,20,0
E0704,Emp704,54,HR,4,66030,180,6,10,82,53,2,3,5,2,2,18,0
E0705,Emp705,52,Support,14,89048,208,4,2,94,12,6,7,2,3,2,13,1
E0706,Emp706,23,Management,17,101836,131,4,1,99,17,2,6,4,5,3,35,0
E0707,Emp707,32,HR,14,100278,88,6,6,87,29,8,6,2,2,5,33,0
E0708,Emp708,39,Management,12,98430,80,6,6,86,17,0,1,4,3,5,44,0
E0709,Emp709,31,IT,8,68812,102,5,2,86,46,3,1,2,4,2,9,0
E0710,Emp710,23,Support,15,123542,82,10,12,96,1,15,8,4,3,4,33,0
E0711,Emp711,51,Support,14,113832,97,5,12,87,37,5,1,4,3,3,36,0
E0712,Emp712,44,Management,5,73732,222,9,5,89,4,7,0,2,1,2,6,0
E0713,Emp713,22,Management,1,45026,171,6,8,86,18,15,6,2,1,5,5,1
E0714,Emp714,30,Support,12,110762,177,10,10,91,50,14,2,2,4,2,19,0
E0715,Emp715,33,Sales,3,74594,99,10,11,83,50,9,0,3,4,4,6,0
E0716,Emp716,37,Management,7,57440,215,4,1,96,27,9,4,1,4,2,22,0
E0717,Emp717,25,Management,12,90622,162,6,5,86,27,0,7,4,3,2,46,0
E0718,Emp718,37,HR,11,81234,139,7,2,93,52,13,5,3,3,2,9,0
E0719,Emp719,31,Finance,6,66366,211,8,4,91,42,0,7,4,1,2,16,0
E0720,Emp720,31,IT,1,62382,97,8,12,99,10,14,1,1,1,3,34,0
E0721,Emp721,47,Sales,20,124016,236,6,2,84,44,4,3,4,2,2,34,0
E0722,Emp722,53,Finance,1,31498,108,4,4,86,17,15,7,5,5,5,37,0
E0723,Emp723,34,Finance,12,100908,218,7,8,84,50,9,2,5,4,3,11,0
E0724,Emp724,51,Management,1,38870,95,4,4,96,0,7,2,2,3,5,39,0
E0725,Emp725,23,Sales,1,47486,106,5,9,82,11,14,3,4,3,4,20,0
E0726,Emp726,48,Finance,16,99972,162,6,2,88,60,3,8,2,5,2,27,0
E0727,Emp727,42,HR,7,82554,209,8,10,91,60,6,4,4,1,3,13,0
E0728,Emp728,25,Sales,20,133702,167,6,9,82,38,13,4,5,5,4,20,0
E0729,Emp729,32,IT,17,108036,81,4,5,100,15,1,7,5,4,5,50,0
E0730,Emp730,41,Finance,4,44872,237,3,2,97,9,1,5,1,2,3,48,0
E0731,Emp731,38,Support,2,48718,228,6,4,89,41,4,1,1,5,4,34,0
E0732,Emp732,52,HR,3,32694,99,3,2,86,30,15,8,5,1,4,8,0
E0733,Emp733,23,Finance,18,115968,228,7,3,96,46,10,5,2,3,5,27,0
E0734,Emp734,29,IT,13,116048,208,9,10,87,32,8,1,2,4,4,6,0
E0735,Emp735,33,HR,20,130610,110,5,8,82,11,7,5,5,4,3,33,0
E0736,Emp736,52,IT,9,65766,186,4,3,80,29,14,7,4,5,3,49,0
E0737,Emp737,32,HR,11,102264,94,7,12,85,46,13,2,5,1,5,14,0
E0738,Emp738,53,Sales,17,106868,103,3,7,90,35,13,6,2,2,3,30,1
E0739,Emp739,53,Sales,13,91168,103,8,1,93,7,12,7,3,4,4,39,0
E0740,Emp740,48,Management,6,85708,118,10,9,91,4,0,3,4,1,5,17,0
E0741,Emp741,51,Support,16,97864,244,4,2,84,24,0,8,2,3,5,39,1
E0742,Emp742,37,Management,10,90006,176,7,6,82,59,2,1,1,5,2,43,0
E0743,Emp743,43,Sales,2,61836,231,9,7,82,5,2,3,3,3,3,5,0
E0744,Emp744,28,Sales,12,95846,216,7,4,81,7,4,3,5,3,4,11,0
E0745,Emp745,27,Sales,6,60802,242,5,2,85,27,12,0,1,2,2,35,0
E0746,Emp746,40,Management,3,63246,216,7,12,83,33,15,6,1,4,4,19,0
E0747,Emp747,43,Management,7,69064,144,4,10,82,58,12,6,4,5,5,21,0
E0748,Emp748,46,Management,10,86556,226,4,12,97,60,2,8,5,5,3,15,0
E0749,Emp749,28,HR,16,103582,222,4,3,81,59,1,2,2,3,5,39,0
E0750,Emp750,29,Support,9,90514,119,5,11,99,36,6,0,1,4,2,28,0
E0751,Emp751,35,Finance,1,49942,107,6,10,93,28,4,6,2,4,2,47,0
E0752,Emp752,50,Sales,11,84150,100,8,3,85,15,13,8,4,2,5,40,0
E0753,Emp753,23,Management,12,89234,189,9,1,82,24,5,8,2,1,2,42,0
E0754,Emp754,25,Finance,4,56536,81,5,7,91,1,0,7,2,2,4,18,0
E0755,Emp755,36,IT,5,74816,211,9,7,92,9,3,3,1,1,2,17,0
E0756,Emp756,42,HR,18,113264,219,7,1,86,3,11,6,5,3,4,6,0
E0757,Emp757,37,HR,1,39330,230,8,2,93,3,15,7,5,3,4,45,0
E0758,Emp758,30,Support,9,92476,246,10,6,93,14,3,4,3,4,3,26,0
E0759,Emp759,35,Sales,11,98816,161,10,4,98,21,14,0,1,3,3,33,0
E0760,Emp760,29,HR,2,51982,197,9,5,91,38,9,6,4,5,2,41,0
E0761,Emp761,44,Sales,4,57508,118,9,2,92,6,15,4,5,4,3,34,0
E0762,Emp762,26,Sales,7,68158,93,4,10,85,42,9,8,5,5,5,37,0
E0763,Emp763,41,Support,8,83052,167,9,8,94,37,10,7,2,5,5,34,0
E0764,Emp764,26,Finance,6,56170,120,3,3,91,5,1,4,5,2,4,40,0
E0765,Emp765,37,HR,18,134680,130,9,10,99,48,1,5,1,4,4,37,0
E0766,Emp766,47,Finance,17,132688,223,8,12,98,27,12,3,4,4,3,18,0
E0767,Emp767,50,Finance,9,84032,172,6,8,80,2,14,4,4,3,2,40,0
E0768,Emp768,36,Management,9,77964,144,7,3,99,6,10,4,2,1,2,21,0
E0769,Emp769,43,HR,3,45354,84,6,3,82,9,8,7,3,4,4,42,0
E0770,Emp770,48,Support,19,119254,159,5,3,92,18,6,3,5,4,3,27,0
E0771,Emp771,46,Management,19,134694,99,6,10,93,24,11,1,5,5,2,24,0
E0772,Emp772,45,Sales,9,83944,149,5,11,95,35,5,7,2,5,5,19,0
E0773,Emp773,45,Sales,3,53896,216,5,7,93,0,15,3,3,4,3,27,0
E0774,Emp774,46,Support,5,56862,152,5,3,85,13,9,2,2,3,3,35,0
E0775,Emp775,23,Management,11,89608,93,7,6,98,35,15,4,3,5,2,46,0
E0776,Emp776,50,Finance,16,111360,235,3,10,89,11,0,7,4,4,3,32,0
E0777,Emp777,52,Support,4,53106,201,3,9,87,44,8,6,4,1,2,40,0
E0778,Emp778,32,Finance,3,68438,248,8,10,97,43,12,0,1,1,3,30,0
E0779,Emp779,40,Finance,11,87594,99,8,2,88,14,7,4,2,3,5,14,0
E0780,Emp780,35,Support,19,140232,222,10,11,96,44,11,7,5,5,4,42,0
E0781,Emp781,42,Sales,10,80096,216,4,5,96,0,6,4,1,3,5,13,0
E0782,Emp782,27,Support,6,56476,246,5,2,98,50,8,4,4,5,4,9,0
E0783,Emp783,37,HR,20,128272,87,5,9,100,7,13,8,2,1,2,13,1
E0784,Emp784,41,IT,13,115046,116,9,12,96,53,3,5,4,4,5,19,0
E0785,Emp785,23,IT,6,82894,199,9,11,85,28,6,5,1,4,2,25,0
E0786,Emp786,54,Finance,2,50832,172,10,3,94,60,3,6,4,5,5,25,0
E0787,Emp787,24,HR,16,107932,197,3,7,87,7,15,2,3,4,5,21,0
E0788,Emp788,42,HR,14,105166,186,8,5,81,39,0,6,3,2,2,45,0
E0789,Emp789,54,HR,12,106686,181,9,12,97,34,14,8,3,4,5,37,0
E0790,Emp790,51,Management,13,120448,158,9,12,85,18,6,1,5,2,5,13,0
E0791,Emp791,34,Management,20,119134,239,4,1,89,42,5,1,4,5,4,16,0
E0792,Emp792,33,Management,2,58510,85,8,9,97,4,10,5,4,2,2,49,0
E0793,Emp793,27,Support,9,75554,159,4,6,96,14,0,6,2,4,3,36,0
E0794,Emp794,47,HR,20,133616,236,7,7,87,18,10,5,5,2,5,10,0
E0795,Emp795,32,Management,3,59202,142,8,5,100,27,14,0,5,3,2,50,0
E0796,Emp796,27,Finance,15,111950,150,9,7,85,27,11,8,2,1,2,46,1
E0797,Emp797,33,IT,18,128120,95,9,4,84,15,2,2,5,2,5,8,0
E0798,Emp798,41,Management,5,66124,229,8,5,95,51,6,3,2,4,3,30,0
E0799,Emp799,53,Management,10,76636,156,6,1,89,46,9,2,2,1,2,7,0
E0800,Emp800,22,IT,4,72138,223,8,11,99,60,5,3,3,1,2,28,0
E0801,Emp801,42,Support,1,50514,194,4,11,80,47,3,2,1,2,4,20,0
E0802,Emp802,33,Management,4,77544,224,9,11,92,46,9,0,2,1,4,47,0
E0803,Emp803,37,IT,4,47466,236,3,3,85,13,1,4,2,5,3,28,0
E0804,Emp804,42,Sales,4,56388,173,9,1,100,23,9,4,1,5,5,44,0
E0805,Emp805,46,Support,12,101936,181,9,4,83,49,2,0,1,3,5,34,0
E0806,Emp806,37,Management,4,58572,212,10,2,87,42,1,7,5,4,3,17,0
E0807,Emp807,54,IT,11,79870,245,3,1,99,0,2,0,4,2,5,27,0
E0808,Emp808,43,HR,4,54480,180,8,1,89,8,5,5,3,1,2,40,0
E0809,Emp809,40,Finance,18,118426,171,5,6,82,38,15,2,2,2,4,34,0
E0810,Emp810,22,HR,9,87500,125,9,5,81,49,4,2,1,2,2,28,0
E0811,Emp811,41,Sales,19,125206,151,8,1,80,20,10,0,2,4,5,49,0
E0812,Emp812,28,Sales,3,66390,140,9,7,83,1,0,3,2,4,2,41,0
E0813,Emp813,30,IT,11,96630,130,3,12,94,3,3,2,2,3,3,21,0
E0814,Emp814,32,Sales,2,44924,104,3,10,80,44,5,7,3,1,2,45,1
E0815,Emp815,44,Support,17,120498,133,4,12,97,8,10,6,4,2,2,30,0
E0816,Emp816,22,Support,17,104346,141,3,4,95,2,13,5,3,1,3,42,1
E0817,Emp817,22,Finance,11,103330,180,9,11,83,23,2,8,4,2,3,26,0
E0818,Emp818,31,HR,15,109798,83,10,1,97,0,0,5,2,5,2,47,0
E0819,Emp819,26,Sales,5,62214,94,6,4,96,5,9,1,1,5,4,29,0
E0820,Emp820,37,Sales,3,61836,156,4,12,97,8,4,3,3,4,2,5,0
E0821,Emp821,45,Finance,13,94350,150,3,10,83,47,1,8,2,2,5,46,1
E0822,Emp822,53,Management,20,118834,139,3,6,96,58,2,7,2,5,3,31,0
E0823,Emp823,50,HR,16,105712,127,8,2,86,1,13,8,3,4,4,29,0
E0824,Emp824,23,HR,4,61090,140,8,6,83,51,15,3,2,1,2,45,0
E0825,Emp825,44,Support,2,50872,87,10,4,86,57,15,5,4,5,3,13,0
E0826,Emp826,29,Management,11,89568,153,3,10,100,15,3,5,2,2,2,29,0
E0827,Emp827,24,Finance,14,102710,110,4,10,89,39,0,7,3,1,3,32,1
E0828,Emp828,48,Management,20,139206,201,5,12,90,50,3,3,3,1,4,39,0
E0829,Emp829,47,Finance,2,48880,205,6,4,96,19,3,2,2,1,3,49,0
E0830,Emp830,24,Finance,19,117162,152,3,8,82,51,8,7,2,2,2,26,1
E0831,Emp831,27,Support,14,93382,222,4,3,94,47,5,3,3,1,2,35,0
E0832,Emp832,47,Support,19,126118,178,7,6,84,31,6,6,4,3,3,6,0
E0833,Emp833,47,Sales,1,50254,109,6,11,93,42,8,6,4,3,2,44,0
E0834,Emp834,23,Management,15,111124,104,4,10,88,8,8,3,1,4,2,33,0
E0835,Emp835,38,HR,14,89822,137,5,2,87,30,3,8,4,4,5,20,0
E0836,Emp836,42,Support,17,129896,216,9,9,90,44,7,3,1,5,5,28,0
E0837,Emp837,30,Sales,19,119976,246,3,8,81,38,5,6,5,2,3,49,0
E0838,Emp838,37,Finance,4,60660,210,8,5,94,4,12,5,1,4,5,10,0
E0839,Emp839,51,Management,7,82772,162,8,8,90,18,6,2,1,1,5,7,0
E0840,Emp840,54,Support,15,95592,182,4,1,83,36,0,3,4,1,4,50,0
E0841,Emp841,40,IT,18,126628,88,7,6,83,4,0,3,3,4,4,10,0
E0842,Emp842,33,IT,4,80286,81,10,11,100,20,0,2,1,4,4,34,0
E0843,Emp843,53,Management,1,57884,214,6,12,82,10,0,4,2,4,3,36,0
E0844,Emp844,26,IT,2,51916,111,9,3,96,17,14,2,1,4,2,25,0
E0845,Emp845,35,HR,17,134836,106,9,12,88,44,11,2,1,4,4,16,0
E0846,Emp846,28,Finance,7,68506,226,3,9,92,37,6,5,2,1,5,5,0
E0847,Emp847,37,Support,3,63572,187,9,9,83,15,15,6,4,2,5,15,0
E0848,Emp848,39,HR,14,110690,215,9,5,99,30,13,1,2,5,4,32,0
E0849,Emp849,38,Sales,14,100196,241,8,3,81,29,11,6,1,3,4,24,1
E0850,Emp850,22,Management,16,120854,134,5,11,96,53,3,1,1,2,5,18,0
E0851,Emp851,28,Finance,4,73412,227,6,12,83,31,5,0,3,3,2,26,0
E0852,Emp852,55,Sales,8,87962,102,9,10,100,3,15,6,3,4,3,13,0
E0853,Emp853,52,Finance,11,86776,196,3,11,95,48,4,8,5,3,2,11,0
E0854,Emp854,23,IT,16,96482,97,5,1,82,8,10,8,2,4,3,15,0
E0855,Emp855,45,Management,8,58186,131,4,1,90,44,6,7,1,4,4,49,0
E0856,Emp856,40,Sales,7,60612,202,4,2,97,14,10,3,3,5,5,9,0
E0857,Emp857,27,Finance,7,82124,204,9,6,95,46,3,1,5,3,4,40,0
E0858,Emp858,24,Finance,9,68932,97,6,1,80,11,2,8,5,1,5,40,0
E0859,Emp859,37,HR,5,77544,149,10,9,94,17,1,6,3,3,2,32,0
E0860,Emp860,32,Finance,10,76876,196,5,1,80,40,3,1,1,4,4,45,0
E0861,Emp861,22,Management,20,119440,140,6,3,99,56,10,7,2,2,4,22,0
E0862,Emp862,47,HR,11,90050,200,8,3,95,49,13,1,2,5,2,38,0
E0863,Emp863,55,Management,1,43528,88,5,7,96,44,12,2,3,3,4,47,0
E0864,Emp864,43,HR,15,106818,203,4,10,87,18,15,6,4,3,3,36,0
E0865,Emp865,27,HR,15,113810,135,7,9,96,24,10,5,2,2,2,35,0
E0866,Emp866,47,Support,10,74412,152,4,3,89,14,11,4,4,1,2,40,0
E0867,Emp867,26,Sales,10,96394,224,6,11,90,3,3,4,1,1,5,9,0
E0868,Emp868,42,Sales,6,66386,156,5,6,87,25,13,1,5,5,2,23,0
E0869,Emp869,31,IT,15,109224,129,5,5,81,11,0,0,5,2,4,42,0
E0870,Emp870,32,Management,5,62232,197,7,3,96,43,6,1,5,4,2,39,0
E0871,Emp871,39,Finance,1,49656,151,8,7,83,15,3,7,3,4,2,21,0
E0872,Emp872,48,Finance,13,104738,148,7,9,94,31,14,4,2,1,4,26,0
E0873,Emp873,49,HR,13,100550,125,5,8,89,32,0,4,4,4,3,48,0
E0874,Emp874,25,Support,19,130928,213,5,8,87,55,0,0,3,2,5,30,0
E0875,Emp875,40,IT,5,59918,153,6,5,85,50,15,2,3,2,2,29,0
E0876,Emp876,25,Finance,18,142756,201,8,12,89,13,2,0,5,1,3,27,0
E0877,Emp877,40,HR,7,66286,81,3,6,88,32,12,0,4,5,5,46,0
E0878,Emp878,22,HR,11,91618,128,8,4,87,9,2,5,2,1,5,6,0
E0879,Emp879,46,Sales,6,79202,92,8,9,83,11,0,4,2,3,5,39,0
E0880,Emp880,50,HR,11,95890,140,9,7,80,51,10,5,4,1,5,18,0
E0881,Emp881,25,Sales,6,64372,237,4,8,94,57,8,4,5,5,4,31,0
E0882,Emp882,31,HR,4,49878,163,4,4,87,2,11,4,3,1,5,44,1
E0883,Emp883,40,Management,2,38208,168,4,3,89,20,11,4,3,5,5,8,0
E0884,Emp884,37,Support,6,70352,192,6,6,100,0,3,3,2,5,2,39,0
E0885,Emp885,36,Management,19,130222,137,8,6,97,26,8,4,4,5,4,26,0
E0886,Emp886,28,Support,14,109184,89,6,9,83,27,6,3,1,1,2,20,0
E0887,Emp887,31,IT,12,87816,236,8,1,83,36,3,7,2,4,5,50,0
E0888,Emp888,46,Sales,14,99586,231,9,1,80,18,1,8,4,2,3,17,0
E0889,Emp889,40,IT,11,103180,105,9,8,84,21,9,1,3,1,4,41,0
E0890,Emp890,40,HR,11,100516,236,8,9,84,20,3,5,3,5,2,28,0
E0891,Emp891,54,IT,2,32664,219,4,2,98,45,5,8,1,5,2,25,0
E0892,Emp892,38,Finance,12,102802,242,5,12,82,15,10,4,4,1,3,28,0
E0893,Emp893,35,Sales,17,136992,157,10,12,96,41,10,3,2,4,5,35,0
E0894,Emp894,38,Sales,9,81724,179,6,9,84,9,13,8,2,2,2,5,1
E0895,Emp895,36,Management,7,65918,103,5,5,93,18,14,4,4,4,5,6,0
E0896,Emp896,49,Sales,3,59402,192,10,7,100,37,15,8,2,2,5,47,1
E0897,Emp897,52,IT,2,37460,135,4,1,83,35,12,0,3,3,3,49,1
E0898,Emp898,30,IT,15,113662,227,7,8,84,10,8,5,2,5,4,27,0
E0899,Emp899,30,Sales,15,113386,206,8,7,81,27,13,4,5,5,4,8,0
E0900,Emp900,36,Finance,4,54946,116,4,9,100,59,5,6,4,2,5,32,0
E0901,Emp901,24,HR,9,82636,181,7,5,81,49,15,0,3,3,2,24,0
E0902,Emp902,34,IT,4,48948,108,7,2,99,60,4,7,3,4,3,17,0
E0903,Emp903,28,IT,7,66098,133,5,7,96,54,13,6,4,2,3,35,0
E0904,Emp904,38,Finance,16,106186,181,6,1,85,6,7,2,4,2,3,19,0
E0905,Emp905,44,Sales,16,104336,81,3,6,84,21,12,3,3,3,2,9,1
E0906,Emp906,38,Finance,14,92998,83,3,5,80,4,9,5,2,1,2,42,0
E0907,Emp907,46,Finance,20,135504,84,4,12,92,28,11,3,3,3,4,41,1
E0908,Emp908,48,HR,12,98870,195,9,4,82,20,5,4,4,2,5,47,0
E0909,Emp909,38,Sales,11,82864,244,3,10,95,60,13,8,2,3,4,17,1
E0910,Emp910,44,Support,4,57260,210,3,7,92,2,0,2,1,3,5,32,0
E0911,Emp911,34,Management,7,71764,244,10,3,99,36,14,7,2,4,4,49,0
E0912,Emp912,27,Finance,8,65100,200,5,3,87,48,8,6,2,3,5,47,0
E0913,Emp913,23,IT,10,96712,102,9,6,95,8,9,0,1,2,3,26,0
E0914,Emp914,31,HR,7,67426,171,8,2,89,30,11,5,4,1,2,18,0
E0915,Emp915,55,Sales,8,64346,141,4,3,99,58,15,2,2,2,3,11,1
E0916,Emp916,46,Management,10,89136,206,8,6,94,38,0,6,4,2,3,20,0
E0917,Emp917,47,HR,15,90202,192,3,3,98,59,12,6,2,1,5,20,1
E0918,Emp918,55,Sales,4,45966,211,4,3,95,38,4,6,5,2,5,19,0
E0919,Emp919,41,Management,6,82846,241,7,10,100,6,4,0,1,3,3,32,0
E0920,Emp920,30,HR,16,106414,169,5,7,94,46,7,8,1,2,2,39,0
E0921,Emp921,46,HR,5,62244,224,6,8,97,36,6,8,4,1,5,48,0
E0922,Emp922,54,Support,14,91230,130,7,1,82,57,15,6,5,1,3,33,0
E0923,Emp923,26,IT,18,123884,114,6,8,84,24,5,5,2,4,5,21,0
E0924,Emp924,55,HR,15,114242,82,10,5,86,47,12,3,3,3,5,23,0
E0925,Emp925,36,Support,15,93772,112,3,3,90,30,9,4,1,2,3,44,0
E0926,Emp926,25,Sales,11,87034,164,6,5,84,25,6,5,2,2,4,29,0
E0927,Emp927,32,Sales,20,123564,244,8,2,97,38,13,7,1,4,4,40,0
E0928,Emp928,47,Finance,8,67138,248,4,7,94,59,15,7,4,4,4,37,0
E0929,Emp929,34,Management,9,84152,167,8,5,94,27,10,3,2,1,2,44,0
E0930,Emp930,49,IT,6,65866,161,6,4,96,2,6,3,2,1,4,14,0
E0931,Emp931,23,IT,7,78304,234,6,11,83,52,4,6,3,5,5,18,0
E0932,Emp932,39,Support,4,63592,157,3,12,85,29,0,3,4,2,4,10,0
E0933,Emp933,50,Finance,20,133184,139,6,9,90,33,1,7,3,4,3,5,0
E0934,Emp934,44,Finance,20,144494,174,9,8,82,13,9,1,1,2,2,5,0
E0935,Emp935,38,Sales,16,117788,148,8,7,80,6,12,5,4,2,4,11,0
E0936,Emp936,43,Finance,5,58160,235,5,7,100,33,11,7,3,3,5,30,1
E0937,Emp937,28,Finance,15,104734,189,5,4,96,8,11,1,3,3,4,6,0
E0938,Emp938,38,HR,19,133252,217,10,4,83,51,11,1,3,2,4,37,0
E0939,Emp939,22,IT,5,63492,157,4,10,84,35,1,6,2,4,4,44,0
E0940,Emp940,44,Management,11,80326,121,7,1,81,40,1,7,3,3,3,34,0
E0941,Emp941,37,Sales,4,74452,192,10,10,96,50,1,5,4,3,2,33,0
E0942,Emp942,45,IT,15,116712,227,5,11,91,29,10,1,3,3,3,25,0
E0943,Emp943,54,Finance,6,57176,171,6,2,91,9,5,8,2,1,2,12,0
E0944,Emp944,31,Management,1,55852,167,10,7,91,57,7,3,3,3,5,41,0
E0945,Emp945,49,HR,20,127440,140,5,8,100,2,11,8,5,2,2,29,0
E0946,Emp946,47,IT,17,98674,129,3,2,86,42,13,5,3,1,4,26,1
E0947,Emp947,38,Sales,19,111866,211,6,1,82,34,15,7,2,5,5,14,0
E0948,Emp948,55,Finance,7,84068,178,9,7,88,40,8,0,1,3,2,44,0
E0949,Emp949,31,Support,11,86400,250,3,7,91,6,2,4,3,3,4,47,0
E0950,Emp950,39,IT,15,115070,195,4,12,82,40,6,2,3,4,4,38,0
E0951,Emp951,52,Management,10,89732,247,7,7,83,37,15,2,5,5,4,42,0
E0952,Emp952,42,IT,19,116404,109,3,6,87,1,5,7,3,2,4,29,1
E0953,Emp953,44,IT,15,121192,182,7,11,83,50,1,2,4,1,3,9,0
E0954,Emp954,51,Sales,8,79698,83,8,4,80,40,5,1,4,4,5,46,0
E0955,Emp955,41,Support,6,69516,211,8,7,92,39,7,8,3,4,2,9,0
E0956,Emp956,47,Support,3,57346,166,9,2,86,9,14,0,4,4,3,50,0
E0957,Emp957,42,IT,1,38384,214,6,3,95,52,11,3,4,4,4,19,0
E0958,Emp958,36,Sales,17,112772,237,4,8,90,19,8,7,4,1,2,17,0
E0959,Emp959,28,Finance,8,77042,207,4,9,100,48,0,4,3,2,3,49,0
E0960,Emp960,41,HR,1,53402,217,10,2,93,8,3,0,5,2,3,32,0
E0961,Emp961,32,HR,1,54532,222,9,10,84,48,12,7,1,1,2,21,1
E0962,Emp962,54,IT,3,58170,145,6,6,90,28,3,0,2,5,2,11,0
E0963,Emp963,41,HR,20,123466,111,5,3,88,42,5,2,1,2,3,37,0
E0964,Emp964,46,HR,20,127948,233,4,9,94,13,5,8,3,5,2,19,0
E0965,Emp965,40,Management,14,107946,216,4,11,88,55,2,3,2,5,5,23,0
E0966,Emp966,50,Sales,7,73316,236,4,8,90,40,5,1,3,5,4,16,0
E0967,Emp967,26,Support,11,106090,140,8,11,100,21,0,3,1,3,5,30,0
E0968,Emp968,54,IT,19,131680,105,4,12,89,21,15,2,3,1,3,19,1
E0969,Emp969,36,Sales,7,81008,93,9,7,85,39,1,4,4,3,5,33,0
E0970,Emp970,44,Sales,1,47434,239,6,5,83,14,4,1,5,4,3,22,0
E0971,Emp971,37,Support,15,109688,223,7,5,80,25,2,4,4,2,2,26,0
E0972,Emp972,54,IT,5,64688,148,3,12,87,56,10,3,2,5,2,30,0
E0973,Emp973,29,Support,17,118760,110,8,2,98,24,4,0,4,4,4,42,0
E0974,Emp974,25,IT,9,94536,131,9,12,81,57,10,6,1,5,3,37,0
E0975,Emp975,46,Management,7,73718,203,4,7,97,0,3,1,1,5,3,18,0
E0976,Emp976,47,Sales,9,77198,183,3,8,86,6,0,6,3,3,2,48,1
E0977,Emp977,28,Finance,2,58052,217,7,10,87,55,0,5,1,2,2,35,0
E0978,Emp978,28,IT,6,72182,147,4,10,90,14,0,3,2,2,2,43,0
E0979,Emp979,42,Finance,13,102220,220,6,11,100,48,10,8,4,2,4,28,0
E0980,Emp980,53,Sales,2,56416,111,10,5,81,1,6,6,4,3,2,34,0
E0981,Emp981,23,Support,19,124072,212,6,8,91,50,13,7,5,3,4,36,0
E0982,Emp982,24,Management,5,70320,95,7,11,86,5,9,8,4,1,4,22,0
E0983,Emp983,39,Sales,11,102874,229,6,12,100,32,10,1,4,3,5,45,0
E0984,Emp984,53,Sales,20,122456,101,4,7,80,43,8,7,5,5,3,49,0
E0985,Emp985,23,IT,9,74956,126,7,4,80,52,7,7,1,2,2,16,0
E0986,Emp986,34,HR,15,117350,250,7,8,99,35,9,0,2,4,5,10,0
E0987,Emp987,52,Finance,2,57988,173,5,11,89,11,9,2,5,4,4,23,0
E0988,Emp988,35,HR,20,127876,121,8,1,90,1,3,4,5,2,2,35,0
E0989,Emp989,25,Support,9,76776,171,7,2,86,5,13,3,5,4,5,11,0
E0990,Emp990,42,HR,17,132826,171,10,10,86,38,9,4,5,3,5,49,0
E0991,Emp991,48,IT,2,53972,237,6,6,81,5,5,1,1,3,3,43,0
E0992,Emp992,40,Sales,6,57652,167,3,5,98,33,6,4,1,3,2,6,0
E0993,Emp993,30,HR,3,49856,176,6,3,86,46,4,2,2,2,4,37,0
E0994,Emp994,37,Sales,16,115386,156,6,11,88,59,12,7,1,4,5,29,0
E0995,Emp995,33,HR,20,142044,224,5,11,87,12,0,1,1,4,5,40,0
E0996,Emp996,36,Support,5,60340,190,7,4,93,0,15,5,3,5,2,19,0
E0997,Emp997,33,HR,9,81136,231,6,4,88,19,5,1,3,1,4,23,0
E0998,Emp998,48,Support,11,104558,93,8,9,85,14,5,0,3,4,4,17,0
E0999,Emp999,43,Management,11,93034,114,6,9,83,47,5,5,5,2,3,23,0
E1000,Emp1000,35,HR,13,121156,151,10,12,100,9,2,4,3,5,2,33,0
